start,asof,seed,cols,gdp_obs,covid_share,seconds,gdp_global,monthly_global_mean,ratio,collapsed,nowcast_qq,actual_qq
1960,2026-01-01,4,793,262,0.2307,44.4,1.5409,0.2753,5.598,0,0.7646619837831807,0.87
1960,2026-01-01,13,793,262,0.2307,47.3,1.4149,0.2651,5.338,0,0.7535384237160734,0.87
1960,2026-01-01,19,793,262,0.2307,47.1,1.2113,0.2535,4.779,0,0.5418816813632936,0.87
1960,2026-01-01,22,793,262,0.2307,47.2,1.24,0.2635,4.705,0,0.79063323199471,0.87
1960,2026-01-01,27,793,262,0.2307,47.8,1.3022,0.1785,7.296,0,0.8091556565262072,0.87
1960,2026-01-01,16,793,262,0.2307,47.6,1.3521,0.2049,6.598,0,0.8180779108001932,0.87
1960,2026-02-01,4,794,262,0.2307,48.1,1.5038,0.2505,6.003,0,0.8618370850980522,0.87
1960,2026-02-01,13,794,262,0.2307,47.8,1.3055,0.2359,5.534,0,0.7713622602522352,0.87
1960,2026-02-01,19,794,262,0.2307,48.2,1.1411,0.1955,5.837,0,0.7019767617626873,0.87
1960,2026-02-01,22,794,262,0.2307,49.7,1.0377,0.2017,5.144,0,0.5922680423646629,0.87
1960,2026-02-01,27,794,262,0.2307,48.5,1.4686,0.25,5.875,0,0.8231272294066572,0.87
1960,2026-02-01,16,794,262,0.2307,48.8,1.3405,0.2356,5.691,0,0.7062088188108154,0.87
1960,2026-03-01,4,795,262,0.2307,48.9,1.2327,0.2511,4.909,0,0.5551110780513725,0.87
1960,2026-03-01,13,795,262,0.2307,49.3,1.2141,0.2403,5.052,0,0.6927970592594273,0.87
1960,2026-03-01,19,795,262,0.2307,50.3,1.6217,0.2751,5.895,0,0.7105496381365958,0.87
1960,2026-03-01,22,795,262,0.2307,49.4,1.1835,0.2282,5.187,0,0.4877994426618678,0.87
1960,2026-03-01,27,795,262,0.2307,48.8,1.694,0.3411,4.966,0,0.818709535907793,0.87
1960,2026-03-01,16,795,262,0.2307,49.6,0.9745,0.1824,5.343,1,,0.87
1960,2026-04-01,4,796,263,0.2307,49.9,1.425,0.1784,7.99,0,0.5404665466544482,0.27
1960,2026-04-01,13,796,263,0.2307,49.7,1.067,0.2274,4.692,0,0.5268867529606692,0.27
1960,2026-04-01,19,796,263,0.2307,49.7,1.3374,0.3212,4.164,0,0.5253519289601137,0.27
1960,2026-04-01,22,796,263,0.2307,50.8,1.2754,0.234,5.449,0,0.6933712028094988,0.27
1960,2026-04-01,27,796,263,0.2307,50.4,1.2469,0.253,4.929,0,0.6423056961086516,0.27
1960,2026-04-01,16,796,263,0.2307,53.2,1.1441,0.1921,5.954,0,0.5522657625186733,0.27
1960,2026-05-01,4,797,263,0.2307,53.9,1.2421,0.2053,6.049,0,0.5621346197224348,0.27
1960,2026-05-01,13,797,263,0.2307,54.4,1.1624,0.2048,5.676,0,0.6062209650207635,0.27
1960,2026-05-01,19,797,263,0.2307,54.8,1.296,0.2077,6.241,0,0.6196302671073369,0.27
1960,2026-05-01,22,797,263,0.2307,54.9,1.431,0.2513,5.694,0,0.505887900164538,0.27
1960,2026-05-01,27,797,263,0.2307,54.8,1.8788,0.2682,7.005,0,0.6089323931303983,0.27
1960,2026-05-01,16,797,263,0.2307,54.5,1.3679,0.2126,6.435,0,0.47025212259536014,0.27
1970,2026-01-01,4,673,222,0.3244,47.8,1.6708,0.1983,8.426,0,0.7560173851891157,0.87
1970,2026-01-01,13,673,222,0.3244,48.5,1.4952,0.264,5.664,0,0.5496103429309812,0.87
1970,2026-01-01,19,673,222,0.3244,47.4,1.463,0.2013,7.266,0,0.6537901602522387,0.87
1970,2026-01-01,22,673,222,0.3244,48.5,1.1056,0.2242,4.932,0,0.4650890576074585,0.87
1970,2026-01-01,27,673,222,0.3244,47.6,1.1534,0.2199,5.246,0,0.6112858907811991,0.87
1970,2026-01-01,16,673,222,0.3244,43.2,1.3138,0.2067,6.355,0,0.6563011799739391,0.87
1970,2026-02-01,4,674,222,0.3244,42.7,1.6967,0.297,5.714,0,0.7040288304099367,0.87
1970,2026-02-01,13,674,222,0.3244,42.5,1.1614,0.2553,4.548,0,0.5732999515397104,0.87
1970,2026-02-01,19,674,222,0.3244,42.9,1.7056,0.2683,6.357,0,0.6006640833395087,0.87
1970,2026-02-01,22,674,222,0.3244,42.7,1.4521,0.2393,6.068,0,0.7580918823106314,0.87
1970,2026-02-01,27,674,222,0.3244,42.4,1.3373,0.2608,5.127,0,0.6715843133357853,0.87
1970,2026-02-01,16,674,222,0.3244,42.3,1.4154,0.2576,5.495,0,0.6351202476225155,0.87
1970,2026-03-01,4,675,222,0.3244,42.3,1.6358,0.2828,5.784,0,0.577182885997774,0.87
1970,2026-03-01,13,675,222,0.3244,42.7,1.5847,0.2627,6.032,0,0.5110449385550374,0.87
1970,2026-03-01,19,675,222,0.3244,42.1,1.6685,0.3575,4.667,0,0.6175376387056917,0.87
1970,2026-03-01,22,675,222,0.3244,42.0,1.4131,0.2863,4.936,0,0.558026076284397,0.87
1970,2026-03-01,27,675,222,0.3244,41.9,1.3961,0.2677,5.216,0,0.695008523692376,0.87
1970,2026-03-01,16,675,222,0.3244,42.1,1.1004,0.2608,4.22,0,0.7064969772705225,0.87
1970,2026-04-01,4,676,223,0.3244,42.5,1.4763,0.2751,5.367,0,0.5033429816828863,0.27
1970,2026-04-01,13,676,223,0.3244,42.6,1.5553,0.2393,6.5,0,0.3974547560760388,0.27
1970,2026-04-01,19,676,223,0.3244,42.5,1.3424,0.1894,7.087,0,0.5658028296399747,0.27
1970,2026-04-01,22,676,223,0.3244,41.9,1.0839,0.2378,4.557,0,0.6357533154062021,0.27
1970,2026-04-01,27,676,223,0.3244,42.7,1.9974,0.2622,7.618,0,0.4594279918869484,0.27
1970,2026-04-01,16,676,223,0.3244,42.6,1.3655,0.1823,7.49,0,0.5381877189133168,0.27
1970,2026-05-01,4,677,223,0.3244,43.2,1.2798,0.2558,5.004,0,0.47389860367354447,0.27
1970,2026-05-01,13,677,223,0.3244,42.9,1.2027,0.2088,5.759,0,0.5247845573731078,0.27
1970,2026-05-01,19,677,223,0.3244,42.7,1.9547,0.3351,5.833,0,0.6284978733927193,0.27
1970,2026-05-01,22,677,223,0.3244,42.4,1.6756,0.2095,7.998,0,0.4952962837464104,0.27
1970,2026-05-01,27,677,223,0.3244,41.7,1.5638,0.239,6.542,0,0.6571978260105824,0.27
1970,2026-05-01,16,677,223,0.3244,42.6,1.8167,0.2655,6.843,0,0.49024753081256794,0.27
1980,2026-01-01,4,553,182,0.4822,35.0,1.4703,0.2187,6.722,0,0.6816790476094502,0.87
1980,2026-01-01,13,553,182,0.4822,35.1,1.4403,0.2621,5.494,0,0.6890249888478904,0.87
1980,2026-01-01,19,553,182,0.4822,34.7,1.5486,0.302,5.127,0,0.687786376909361,0.87
1980,2026-01-01,22,553,182,0.4822,34.8,1.6507,0.3418,4.83,0,0.7624721669307236,0.87
1980,2026-01-01,27,553,182,0.4822,34.8,1.3985,0.2399,5.829,0,0.7044207871561724,0.87
1980,2026-01-01,16,553,182,0.4822,35.4,1.5854,0.262,6.052,0,0.6461000299143207,0.87
1980,2026-02-01,4,554,182,0.4822,35.6,1.5015,0.2581,5.816,0,0.5975419394282733,0.87
1980,2026-02-01,13,554,182,0.4822,35.4,1.3079,0.3265,4.006,0,0.6056947616464765,0.87
1980,2026-02-01,19,554,182,0.4822,35.8,1.8074,0.3442,5.252,0,0.7220244631638212,0.87
1980,2026-02-01,22,554,182,0.4822,35.9,1.5496,0.2721,5.695,0,0.6887731789963966,0.87
1980,2026-02-01,27,554,182,0.4822,35.4,1.411,0.2975,4.743,0,0.5949133961273985,0.87
1980,2026-02-01,16,554,182,0.4822,34.6,1.5853,0.2759,5.746,0,0.7534618979379554,0.87
1980,2026-03-01,4,555,182,0.4822,34.5,1.5494,0.2427,6.384,0,0.6063558633029238,0.87
1980,2026-03-01,13,555,182,0.4822,34.3,1.7876,0.3211,5.567,0,0.6155443195693793,0.87
1980,2026-03-01,19,555,182,0.4822,34.4,1.5704,0.26,6.041,0,0.6794074260195664,0.87
1980,2026-03-01,22,555,182,0.4822,34.2,1.7914,0.2442,7.335,0,0.6670383555377717,0.87
1980,2026-03-01,27,555,182,0.4822,34.2,1.5463,0.2764,5.595,0,0.628376156274293,0.87
1980,2026-03-01,16,555,182,0.4822,34.2,1.4309,0.2653,5.394,0,0.5963131628290215,0.87
1980,2026-04-01,4,556,183,0.4821,34.2,1.5031,0.2968,5.065,0,0.5644832546777223,0.27
1980,2026-04-01,13,556,183,0.4821,34.2,1.5119,0.2615,5.783,0,0.7002375572479613,0.27
1980,2026-04-01,19,556,183,0.4821,34.1,1.7213,0.2321,7.415,0,0.6358482661820875,0.27
1980,2026-04-01,22,556,183,0.4821,34.2,1.8494,0.3774,4.9,0,0.7167405380894437,0.27
1980,2026-04-01,27,556,183,0.4821,34.7,2.0361,0.3138,6.488,0,0.6675043773643992,0.27
1980,2026-04-01,16,556,183,0.4821,34.5,1.5428,0.2736,5.638,0,0.7276453964613286,0.27
1980,2026-05-01,4,557,183,0.4821,34.8,1.9103,0.3141,6.081,0,0.5950039168583072,0.27
1980,2026-05-01,13,557,183,0.4821,34.3,1.7654,0.2645,6.673,0,0.5085664220167055,0.27
1980,2026-05-01,19,557,183,0.4821,34.4,1.78,0.2643,6.734,0,0.6228946285763637,0.27
1980,2026-05-01,22,557,183,0.4821,34.3,1.5742,0.243,6.479,0,0.5885886200231403,0.27
1980,2026-05-01,27,557,183,0.4821,34.4,1.6483,0.2603,6.332,0,0.6978993780497472,0.27
1980,2026-05-01,16,557,183,0.4821,34.4,1.5682,0.283,5.542,0,0.6505333568247058,0.27
1985,2026-01-01,4,493,162,0.5793,30.4,0.6068,0.4824,1.258,1,,0.87
1985,2026-01-01,13,493,162,0.5793,30.7,1.6493,0.2653,6.216,0,0.7844623329661907,0.87
1985,2026-01-01,19,493,162,0.5793,30.6,1.5717,0.2452,6.409,0,0.6345392765488944,0.87
1985,2026-01-01,22,493,162,0.5793,30.5,1.3471,0.282,4.776,0,0.7912110082236637,0.87
1985,2026-01-01,27,493,162,0.5793,30.9,0.1232,0.4734,0.26,1,,0.87
1985,2026-01-01,16,493,162,0.5793,30.5,1.6207,0.2544,6.369,0,0.6489792270667203,0.87
1985,2026-02-01,4,494,162,0.5793,30.6,1.5212,0.2503,6.076,0,0.5633260285782673,0.87
1985,2026-02-01,13,494,162,0.5793,30.5,0.065,0.4746,0.137,1,,0.87
1985,2026-02-01,19,494,162,0.5793,30.6,1.4658,0.2282,6.424,0,0.7091591076423994,0.87
1985,2026-02-01,22,494,162,0.5793,30.5,1.795,0.2584,6.947,0,0.5796405438765104,0.87
1985,2026-02-01,27,494,162,0.5793,30.7,1.6767,0.2418,6.935,0,0.7618490846441093,0.87
1985,2026-02-01,16,494,162,0.5793,30.5,1.5526,0.2419,6.419,0,0.6525718509831318,0.87
1985,2026-03-01,4,495,162,0.5793,30.5,1.8105,0.2812,6.439,0,0.7130406501334405,0.87
1985,2026-03-01,13,495,162,0.5793,30.7,1.1881,0.3904,3.043,0,0.769014804119296,0.87
1985,2026-03-01,19,495,162,0.5793,31.0,1.7271,0.2651,6.514,0,0.7192996909601461,0.87
1985,2026-03-01,22,495,162,0.5793,30.7,1.5559,0.2756,5.645,0,0.7039556103886873,0.87
1985,2026-03-01,27,495,162,0.5793,30.6,1.3667,0.4319,3.164,0,0.7687952042946378,0.87
1985,2026-03-01,16,495,162,0.5793,30.4,1.4376,0.2569,5.596,0,0.6549186541629258,0.87
1985,2026-04-01,4,496,163,0.5792,30.5,1.4964,0.2404,6.226,0,0.5953684690796158,0.27
1985,2026-04-01,13,496,163,0.5792,30.5,1.6055,0.2502,6.416,0,0.6573431813494027,0.27
1985,2026-04-01,19,496,163,0.5792,30.5,1.3362,0.306,4.367,0,0.609053360482889,0.27
1985,2026-04-01,22,496,163,0.5792,30.7,0.4397,0.5377,0.818,1,,0.27
1985,2026-04-01,27,496,163,0.5792,30.9,1.3866,0.2546,5.446,0,0.6331533949670868,0.27
1985,2026-04-01,16,496,163,0.5792,30.5,1.6439,0.2678,6.138,0,0.6334975742156767,0.27
1985,2026-05-01,4,497,163,0.5792,31.4,1.7019,0.2576,6.606,0,0.6500545392249675,0.27
1985,2026-05-01,13,497,163,0.5792,30.6,1.0236,0.3656,2.799,0,0.578799982059914,0.27
1985,2026-05-01,19,497,163,0.5792,30.7,1.7167,0.2345,7.321,0,0.5748917080292764,0.27
1985,2026-05-01,22,497,163,0.5792,30.8,1.4433,0.238,6.065,0,0.6049599817745744,0.27
1985,2026-05-01,27,497,163,0.5792,30.6,1.5664,0.2654,5.902,0,0.5841580934081356,0.27
1985,2026-05-01,16,497,163,0.5792,30.6,1.6332,0.2768,5.9,0,0.6622993898661138,0.27
1990,2026-01-01,4,433,142,0.6449,26.8,0.7771,0.4462,1.742,1,,0.87
1990,2026-01-01,13,433,142,0.6449,26.7,0.1553,0.4721,0.329,1,,0.87
1990,2026-01-01,19,433,142,0.6449,26.8,0.2591,0.4588,0.565,1,,0.87
1990,2026-01-01,22,433,142,0.6449,26.8,0.5801,0.3927,1.477,1,,0.87
1990,2026-01-01,27,433,142,0.6449,27.1,0.4151,0.4567,0.909,1,,0.87
1990,2026-01-01,16,433,142,0.6449,26.9,0.6023,0.5018,1.2,1,,0.87
1990,2026-02-01,4,434,142,0.6449,26.5,1.3248,0.2118,6.254,0,0.6472326633369002,0.87
1990,2026-02-01,13,434,142,0.6449,26.5,0.3944,0.5286,0.746,1,,0.87
1990,2026-02-01,19,434,142,0.6449,26.5,0.2879,0.5377,0.535,1,,0.87
1990,2026-02-01,22,434,142,0.6449,26.4,0.1152,0.5433,0.212,1,,0.87
1990,2026-02-01,27,434,142,0.6449,26.4,0.2714,0.5007,0.542,1,,0.87
1990,2026-02-01,16,434,142,0.6449,26.4,0.2016,0.4999,0.403,1,,0.87
1990,2026-03-01,4,435,142,0.6449,26.4,1.4042,0.2607,5.387,0,0.6113258327892186,0.87
1990,2026-03-01,13,435,142,0.6449,26.4,1.4929,0.2349,6.355,0,0.63315921824262,0.87
1990,2026-03-01,19,435,142,0.6449,26.4,0.3873,0.5495,0.705,1,,0.87
1990,2026-03-01,22,435,142,0.6449,26.5,0.4101,0.4585,0.894,1,,0.87
1990,2026-03-01,27,435,142,0.6449,26.5,0.7477,0.3414,2.19,1,,0.87
1990,2026-03-01,16,435,142,0.6449,26.6,1.4326,0.1958,7.316,0,0.6071867317730566,0.87
1990,2026-04-01,4,436,143,0.6447,26.5,0.2759,0.384,0.718,1,,0.27
1990,2026-04-01,13,436,143,0.6447,26.6,1.4608,0.252,5.797,0,0.6501939783577572,0.27
1990,2026-04-01,19,436,143,0.6447,26.9,0.0389,0.4819,0.081,1,,0.27
1990,2026-04-01,22,436,143,0.6447,27.4,1.4578,0.2033,7.17,0,0.6150480162640269,0.27
1990,2026-04-01,27,436,143,0.6447,27.7,1.5846,0.3316,4.779,0,0.5430975900926651,0.27
1990,2026-04-01,16,436,143,0.6447,27.2,0.4815,0.5078,0.948,1,,0.27
1990,2026-05-01,4,437,143,0.6447,26.7,1.0373,0.4118,2.519,0,0.7165970507344368,0.27
1990,2026-05-01,13,437,143,0.6447,27.2,0.6475,0.3349,1.933,1,,0.27
1990,2026-05-01,19,437,143,0.6447,27.5,0.3943,0.3973,0.992,1,,0.27
1990,2026-05-01,22,437,143,0.6447,27.9,0.1585,0.3868,0.41,1,,0.27
1990,2026-05-01,27,437,143,0.6447,26.9,1.0456,0.4411,2.37,0,0.7192083753289883,0.27
1990,2026-05-01,16,437,143,0.6447,27.4,1.1221,0.3337,3.362,0,0.6219727798493153,0.27
