as_of,horizon,target,first,v2,v3_raw,v3,combo,months_with_data_v2,months_with_data_v3,days_to_release
2023-01-02,current,2022Q4,0.4799,0.3843,0.7175,0.7175,0.5509,3,,58
2023-01-09,current,2022Q4,0.4799,0.3704,0.6775,0.6775,0.5239,3,,51
2023-01-16,current,2022Q4,0.4799,0.3362,0.6407,0.6407,0.4884,3,,44
2023-01-23,current,2022Q4,0.4799,0.3362,0.6327,0.6327,0.4844,3,,37
2023-01-30,current,2022Q4,0.4799,0.2944,0.6105,0.6105,0.4525,3,,30
2023-02-06,current,2022Q4,0.4799,0.2832,0.6564,0.6564,0.4698,3,,23
2023-02-06,next,2023Q1,0.2332,-0.0128,0.5573,0.5573,0.2722,1,1,121
2023-02-13,current,2022Q4,0.4799,0.2846,0.6393,0.6393,0.4619,3,,16
2023-02-13,next,2023Q1,0.2332,-0.0474,0.6533,0.6533,0.303,2,1,114
2023-02-20,current,2022Q4,0.4799,0.2894,0.6574,0.6574,0.4734,3,,9
2023-02-20,next,2023Q1,0.2332,0.2492,0.6233,0.6233,0.4363,2,1,107
2023-03-13,current,2023Q1,0.2332,0.0645,0.5149,0.5149,0.2897,2,,86
2023-03-20,current,2023Q1,0.2332,0.2294,0.5581,0.5581,0.3937,3,,79
2023-03-27,current,2023Q1,0.2332,0.2294,0.5652,0.5652,0.3973,3,,72
2023-04-03,current,2023Q1,0.2332,0.1002,0.5985,0.5985,0.3493,3,,65
2023-04-10,current,2023Q1,0.2332,0.0622,0.5316,0.5316,0.2969,3,,58
2023-04-17,current,2023Q1,0.2332,0.2459,0.5694,0.5694,0.4077,3,,51
2023-04-24,current,2023Q1,0.2332,0.2459,0.5632,0.5632,0.4046,3,,44
2023-05-01,current,2023Q1,0.2332,0.2211,0.4894,0.4894,0.3553,3,,37
2023-05-08,current,2023Q1,0.2332,0.215,0.4566,0.4566,0.3358,3,,30
2023-05-08,next,2023Q2,0.3557,0.2835,0.4383,0.4383,0.3609,1,1,121
2023-05-15,current,2023Q1,0.2332,0.2092,0.4162,0.4162,0.3127,3,,23
2023-05-15,next,2023Q2,0.3557,0.5138,0.4144,0.4144,0.4641,1,1,114
2023-05-22,current,2023Q1,0.2332,0.211,0.4211,0.4211,0.3161,3,,16
2023-05-22,next,2023Q2,0.3557,0.4163,0.4229,0.4229,0.4196,2,1,107
2023-05-29,current,2023Q1,0.2332,0.211,0.4265,0.4265,0.3188,3,,9
2023-05-29,next,2023Q2,0.3557,0.4163,0.4376,0.4376,0.4269,2,1,100
2023-06-05,current,2023Q2,0.3557,0.4082,0.4922,0.4922,0.4502,2,,93
2023-06-12,current,2023Q2,0.3557,0.2978,0.4124,0.4124,0.3551,2,,86
2023-06-19,current,2023Q2,0.3557,0.4009,0.4066,0.4066,0.4038,3,,79
2023-06-26,current,2023Q2,0.3557,0.4009,0.4718,0.4718,0.4364,3,,72
2023-07-03,current,2023Q2,0.3557,0.4971,0.4214,0.4214,0.4592,3,,65
2023-07-10,current,2023Q2,0.3557,0.4303,0.4122,0.4122,0.4212,3,,58
2023-07-17,current,2023Q2,0.3557,0.4892,0.4224,0.4224,0.4558,3,,51
2023-07-24,current,2023Q2,0.3557,0.4892,0.4687,0.4687,0.4789,3,,44
2023-07-31,current,2023Q2,0.3557,0.489,0.445,0.445,0.467,3,,37
2023-08-07,current,2023Q2,0.3557,0.4508,0.3724,0.3724,0.4116,3,,30
2023-08-07,next,2023Q3,0.212,0.4689,0.4218,0.4218,0.4454,1,1,121
2023-08-14,current,2023Q2,0.3557,0.4507,0.4077,0.4077,0.4292,3,,23
2023-08-14,next,2023Q3,0.212,0.4585,0.4614,0.4614,0.46,1,1,114
2023-08-21,current,2023Q2,0.3557,0.449,0.4004,0.4004,0.4247,3,,16
2023-08-21,next,2023Q3,0.212,0.308,0.4538,0.4538,0.3809,2,1,107
2023-08-28,current,2023Q2,0.3557,0.449,0.3902,0.3902,0.4196,3,,9
2023-08-28,next,2023Q3,0.212,0.308,0.4267,0.4267,0.3673,2,1,100
2023-09-04,current,2023Q3,0.212,0.1808,0.4238,0.4238,0.3023,2,,93
2023-09-11,current,2023Q3,0.212,0.1924,0.4842,0.4842,0.3383,2,,86
2023-09-18,current,2023Q3,0.212,0.2533,0.5202,0.5202,0.3868,3,,79
2023-09-25,current,2023Q3,0.212,0.2533,0.432,0.432,0.3427,3,,72
2023-10-02,current,2023Q3,0.212,0.1919,0.4044,0.4044,0.2982,3,,65
2023-10-09,current,2023Q3,0.212,0.2072,0.3339,0.3339,0.2705,3,,58
2023-10-16,current,2023Q3,0.212,0.2453,0.3876,0.3876,0.3165,3,,51
2023-10-23,current,2023Q3,0.212,0.2453,0.4589,0.4589,0.3521,3,,44
2023-10-30,current,2023Q3,0.212,0.2594,0.4411,0.4411,0.3503,3,,37
2023-11-06,current,2023Q3,0.212,0.2596,0.4951,0.4951,0.3773,3,,30
2023-11-06,next,2023Q4,0.2395,0.5631,0.6118,0.6118,0.5875,1,1,121
2023-11-13,current,2023Q3,0.212,0.2599,0.4847,0.4847,0.3723,3,,23
2023-11-13,next,2023Q4,0.2395,0.4572,0.5626,0.5626,0.5099,1,1,114
2023-11-20,current,2023Q3,0.212,0.2605,0.514,0.514,0.3873,3,,16
2023-11-20,next,2023Q4,0.2395,0.5345,0.6265,0.6265,0.5805,2,1,107
2023-11-27,current,2023Q3,0.212,0.2605,0.514,0.514,0.3873,3,,9
2023-11-27,next,2023Q4,0.2395,0.5345,0.6265,0.6265,0.5805,2,1,100
2023-12-04,current,2023Q4,0.2395,0.4906,0.4059,0.4059,0.4482,2,,93
2023-12-11,current,2023Q4,0.2395,0.326,0.2903,0.108,0.217,2,,86
2023-12-18,current,2023Q4,0.2395,0.4477,0.328,0.1457,0.2967,3,,79
2023-12-25,current,2023Q4,0.2395,0.4477,0.3716,0.1893,0.3185,3,,72
2024-01-01,current,2023Q4,0.2395,0.4576,0.371,0.1887,0.3232,3,,65
2024-01-08,current,2023Q4,0.2395,0.4106,0.3372,0.1549,0.2828,3,,58
2024-01-15,current,2023Q4,0.2395,0.2595,0.3894,0.2071,0.2333,3,,51
2024-01-22,current,2023Q4,0.2395,0.26,0.4251,0.2428,0.2514,3,,44
2024-01-29,current,2023Q4,0.2395,0.26,0.3206,0.1383,0.1991,3,,37
2024-02-05,current,2023Q4,0.2395,0.2541,0.3405,0.1582,0.2062,3,,30
2024-02-05,next,2024Q1,0.1275,0.0341,0.385,0.2027,0.1184,1,1,121
2024-02-12,current,2023Q4,0.2395,0.254,0.3599,0.1776,0.2158,3,,23
2024-02-12,next,2024Q1,0.1275,0.0377,0.4269,0.2446,0.1412,1,1,114
2024-02-19,current,2023Q4,0.2395,0.2533,0.363,0.1807,0.217,3,,16
2024-02-19,next,2024Q1,0.1275,0.1528,0.4465,0.2642,0.2085,2,1,107
2024-02-26,current,2023Q4,0.2395,0.2533,0.3657,0.1834,0.2184,3,,9
2024-02-26,next,2024Q1,0.1275,0.1528,0.4632,0.2809,0.2169,2,1,100
2024-03-04,current,2024Q1,0.1275,0.0853,0.3939,0.2116,0.1485,2,,93
2024-03-11,current,2024Q1,0.1275,0.101,0.3911,0.2131,0.1571,2,,86
2024-03-18,current,2024Q1,0.1275,0.6697,0.4654,0.2874,0.4786,3,,79
2024-03-25,current,2024Q1,0.1275,0.6697,0.4579,0.2799,0.4748,3,,72
2024-04-01,current,2024Q1,0.1275,0.7008,0.561,0.383,0.5419,3,,65
2024-04-08,current,2024Q1,0.1275,0.6119,0.5236,0.3456,0.4788,3,,58
2024-04-15,current,2024Q1,0.1275,0.6452,0.4993,0.3213,0.4833,3,,51
2024-04-22,current,2024Q1,0.1275,0.6452,0.5009,0.3229,0.4841,3,,44
2024-04-29,current,2024Q1,0.1275,0.6452,0.4833,0.3053,0.4753,3,,37
2024-05-06,current,2024Q1,0.1275,0.6971,0.4302,0.2522,0.4746,3,,30
2024-05-06,next,2024Q2,0.2246,0.5279,0.4475,0.2695,0.3987,1,1,121
2024-05-13,current,2024Q1,0.1275,0.7007,0.4896,0.3116,0.5062,3,,23
2024-05-13,next,2024Q2,0.2246,0.4912,0.5501,0.3721,0.4317,1,1,114
2024-05-20,current,2024Q1,0.1275,0.7008,0.4663,0.2883,0.4946,3,,16
2024-05-20,next,2024Q2,0.2246,0.3314,0.5595,0.3815,0.3564,2,1,107
2024-05-27,current,2024Q1,0.1275,0.7008,0.484,0.306,0.5034,3,,9
2024-05-27,next,2024Q2,0.2246,0.3314,0.4451,0.2671,0.2992,2,1,100
2024-06-03,current,2024Q2,0.2246,0.2576,0.4228,0.2448,0.2512,2,,93
2024-06-10,current,2024Q2,0.2246,0.2012,0.4168,0.2196,0.2104,2,,86
2024-06-17,current,2024Q2,0.2246,0.456,0.4175,0.2203,0.3381,3,,79
2024-06-24,current,2024Q2,0.2246,0.456,0.4007,0.2035,0.3297,3,,72
2024-07-01,current,2024Q2,0.2246,0.442,0.3523,0.1551,0.2986,3,,65
2024-07-08,current,2024Q2,0.2246,0.3963,0.3643,0.1671,0.2817,3,,58
2024-07-15,current,2024Q2,0.2246,0.5762,0.3612,0.164,0.3701,3,,51
2024-07-22,current,2024Q2,0.2246,0.5762,0.3692,0.172,0.3741,3,,44
2024-07-29,current,2024Q2,0.2246,0.5762,0.3124,0.1152,0.3457,3,,37
2024-08-05,current,2024Q2,0.2246,0.6046,0.4169,0.2197,0.4122,3,,30
2024-08-05,next,2024Q3,0.3337,0.8016,0.4908,0.2936,0.5476,1,1,121
2024-08-12,current,2024Q2,0.2246,0.6046,0.3111,0.1139,0.3593,3,,23
2024-08-12,next,2024Q3,0.3337,0.7699,0.3961,0.1989,0.4844,1,1,114
2024-08-19,current,2024Q2,0.2246,0.6043,0.3113,0.1141,0.3592,3,,16
2024-08-19,next,2024Q3,0.3337,0.8316,0.4208,0.2236,0.5276,2,1,107
2024-08-26,current,2024Q2,0.2246,0.6043,0.4429,0.2457,0.425,3,,9
2024-08-26,next,2024Q3,0.3337,0.8316,0.4269,0.2297,0.5306,2,1,100
2024-09-09,current,2024Q3,0.3337,0.6502,0.3762,0.1819,0.416,2,,86
2024-09-16,current,2024Q3,0.3337,0.6094,0.3957,0.2014,0.4054,3,,79
2024-09-23,current,2024Q3,0.3337,0.6094,0.3331,0.1388,0.3741,3,,72
2024-09-30,current,2024Q3,0.3337,0.6204,0.3638,0.1695,0.395,3,,65
2024-10-07,current,2024Q3,0.3337,0.5573,0.3534,0.1591,0.3582,3,,58
2024-10-14,current,2024Q3,0.3337,0.5248,0.3724,0.1781,0.3515,3,,51
2024-10-21,current,2024Q3,0.3337,0.7378,0.375,0.1807,0.4592,3,,44
2024-10-28,current,2024Q3,0.3337,0.7378,0.375,0.1807,0.4592,3,,37
2024-11-04,current,2024Q3,0.3337,0.7437,0.3963,0.202,0.4728,3,,30
2024-11-04,next,2024Q4,0.5833,0.7129,0.5299,0.3356,0.5242,1,1,121
2024-11-11,current,2024Q3,0.3337,0.7437,0.4497,0.2554,0.4995,3,,23
2024-11-11,next,2024Q4,0.5833,0.7411,0.5632,0.3689,0.555,1,1,114
2024-11-18,current,2024Q3,0.3337,0.7448,0.4142,0.2199,0.4823,3,,16
2024-11-18,next,2024Q4,0.5833,0.4802,0.5697,0.3754,0.4278,2,1,107
2024-11-25,current,2024Q3,0.3337,0.7448,0.4309,0.2366,0.4907,3,,9
2024-11-25,next,2024Q4,0.5833,0.4802,0.5987,0.4044,0.4423,2,1,100
2024-12-09,current,2024Q4,0.5833,0.5117,0.595,0.4174,0.4645,2,,86
2024-12-16,current,2024Q4,0.5833,0.7166,0.5994,0.4218,0.5692,3,,79
2024-12-23,current,2024Q4,0.5833,0.7166,0.6023,0.4247,0.5707,3,,72
2024-12-30,current,2024Q4,0.5833,0.7281,0.6015,0.4239,0.576,3,,65
2025-01-06,current,2024Q4,0.5833,0.6837,0.611,0.4334,0.5586,3,,58
2025-01-13,current,2024Q4,0.5833,0.642,0.6337,0.4561,0.549,3,,51
2025-01-20,current,2024Q4,0.5833,0.6951,0.4942,0.3166,0.5058,3,,44
2025-01-27,current,2024Q4,0.5833,0.6951,0.4942,0.3166,0.5058,3,,37
2025-02-03,current,2024Q4,0.5833,0.6964,0.5773,0.3997,0.5481,3,,30
2025-02-10,current,2024Q4,0.5833,0.6978,0.5575,0.3799,0.5389,3,,23
2025-02-10,next,2025Q1,0.2111,0.5265,0.5187,0.3411,0.4338,1,1,114
2025-02-17,current,2024Q4,0.5833,0.6984,0.6012,0.4236,0.561,3,,16
2025-02-17,next,2025Q1,0.2111,0.5116,0.6289,0.4513,0.4815,2,1,107
2025-02-24,current,2024Q4,0.5833,0.6984,0.5277,0.3501,0.5242,3,,9
2025-02-24,next,2025Q1,0.2111,0.5116,0.4623,0.2847,0.3982,2,1,100
2025-03-10,current,2025Q1,0.2111,0.3912,0.6386,0.4715,0.4314,2,,86
2025-03-17,current,2025Q1,0.2111,0.1814,0.5805,0.4134,0.2974,3,,79
2025-03-24,current,2025Q1,0.2111,0.1814,0.5813,0.4142,0.2978,3,,72
2025-03-31,current,2025Q1,0.2111,0.2056,0.5992,0.4321,0.3188,3,,65
2025-04-07,current,2025Q1,0.2111,0.1825,0.5644,0.3973,0.2899,3,,58
2025-04-14,current,2025Q1,0.2111,0.1456,0.597,0.4299,0.2878,3,,51
2025-04-21,current,2025Q1,0.2111,0.2129,0.5868,0.4197,0.3163,3,,44
2025-04-28,current,2025Q1,0.2111,0.2129,0.5756,0.4085,0.3107,3,,37
2025-05-05,current,2025Q1,0.2111,0.2184,0.4898,0.3227,0.2706,3,,30
2025-05-05,next,2025Q2,0.601,0.5813,0.4043,0.2372,0.4092,1,1,121
2025-05-12,current,2025Q1,0.2111,0.2185,0.5334,0.3663,0.2924,3,,23
2025-05-12,next,2025Q2,0.601,0.5356,0.5081,0.341,0.4383,1,1,114
2025-05-19,current,2025Q1,0.2111,0.2183,0.553,0.3859,0.3021,3,,16
2025-05-19,next,2025Q2,0.601,0.8854,0.5034,0.3363,0.6108,2,1,107
2025-05-26,current,2025Q1,0.2111,0.2183,0.5281,0.361,0.2897,3,,9
2025-05-26,next,2025Q2,0.601,0.8854,0.4582,0.2911,0.5882,2,1,100
2025-06-09,current,2025Q2,0.601,0.9069,0.3786,0.1981,0.5525,2,,86
2025-06-16,current,2025Q2,0.601,0.9702,0.4344,0.2539,0.612,3,,79
2025-06-23,current,2025Q2,0.601,0.9702,0.3746,0.1941,0.5821,3,,72
2025-06-30,current,2025Q2,0.601,0.9759,0.3381,0.1576,0.5668,3,,65
2025-07-07,current,2025Q2,0.601,0.9514,0.3798,0.1993,0.5754,3,,58
2025-07-14,current,2025Q2,0.601,0.964,0.4968,0.3163,0.6401,3,,51
2025-07-21,current,2025Q2,0.601,0.6909,0.4057,0.2252,0.458,3,,44
2025-07-28,current,2025Q2,0.601,0.6909,0.4057,0.2252,0.458,3,,37
2025-08-04,current,2025Q2,0.601,0.7244,0.4446,0.2641,0.4943,3,,30
2025-08-04,next,2025Q3,0.3913,0.136,0.5359,0.3554,0.2457,1,1,121
2025-08-11,current,2025Q2,0.601,0.7243,0.43,0.2495,0.4869,3,,23
2025-08-11,next,2025Q3,0.3913,0.2168,0.5022,0.3217,0.2692,1,1,114
2025-08-18,current,2025Q2,0.601,0.7235,0.4551,0.2746,0.4991,3,,16
2025-08-18,next,2025Q3,0.3913,0.667,0.4999,0.3194,0.4932,2,1,107
2025-08-25,current,2025Q2,0.601,0.7235,0.3811,0.2006,0.4621,3,,9
2025-08-25,next,2025Q3,0.3913,0.667,0.3899,0.2094,0.4382,2,1,100
2025-09-08,current,2025Q3,0.3913,0.6444,0.5448,0.3996,0.522,2,,86
2025-09-15,current,2025Q3,0.3913,0.4957,0.583,0.4378,0.4667,3,,79
2025-09-22,current,2025Q3,0.3913,0.4957,0.5629,0.4177,0.4567,3,,72
2025-09-29,current,2025Q3,0.3913,0.4957,0.5897,0.4445,0.4701,3,,65
2025-10-06,current,2025Q3,0.3913,0.5145,0.5916,0.4464,0.4805,3,,58
2025-10-13,current,2025Q3,0.3913,0.5513,0.6245,0.4793,0.5153,3,,51
2025-10-20,current,2025Q3,0.3913,0.4519,0.629,0.4838,0.4679,3,,44
2025-10-27,current,2025Q3,0.3913,0.4519,0.6111,0.4659,0.4589,3,,37
2025-11-03,current,2025Q3,0.3913,0.4823,0.5663,0.4211,0.4517,3,,30
2025-11-10,current,2025Q3,0.3913,0.4783,0.5973,0.4521,0.4652,3,,23
2025-11-10,next,2025Q4,0.7925,0.6036,0.5474,0.4022,0.5029,1,1,114
2025-11-17,current,2025Q3,0.3913,0.4769,0.6263,0.4811,0.479,3,,16
2025-11-17,next,2025Q4,0.7925,0.9611,0.6321,0.4869,0.724,2,1,107
2025-11-24,current,2025Q3,0.3913,0.4769,0.6104,0.4652,0.471,3,,9
2025-11-24,next,2025Q4,0.7925,0.9611,0.6155,0.4703,0.7157,2,1,100
2025-12-08,current,2025Q4,0.7925,1.0637,0.6517,0.5224,0.793,2,,86
2025-12-15,current,2025Q4,0.7925,0.4699,0.5579,0.4286,0.4493,2,,79
2025-12-22,current,2025Q4,0.7925,0.3409,0.5978,0.4685,0.4047,3,,72
2025-12-29,current,2025Q4,0.7925,0.3409,0.5505,0.4212,0.381,3,,65
2026-01-05,current,2025Q4,0.7925,0.4458,0.6102,0.4809,0.4634,3,,58
2026-01-12,current,2025Q4,0.7925,0.4553,0.6076,0.4783,0.4668,3,,51
2026-01-19,current,2025Q4,0.7925,0.7642,0.6039,0.4746,0.6194,3,,44
2026-01-26,current,2025Q4,0.7925,0.7642,0.6593,0.53,0.6471,3,,37
2026-02-02,current,2025Q4,0.7925,0.7807,0.6022,0.4729,0.6268,3,,30
2026-02-09,current,2025Q4,0.7925,0.7566,0.5894,0.4601,0.6083,3,,23
2026-02-09,next,2026Q1,0.2743,1.2669,0.6319,0.5026,0.8848,1,1,114
2026-02-16,current,2025Q4,0.7925,0.7563,0.6014,0.4721,0.6142,3,,16
2026-02-16,next,2026Q1,0.2743,0.9695,0.612,0.4827,0.7261,2,1,107
2026-02-23,current,2025Q4,0.7925,0.7563,0.6376,0.5083,0.6323,3,,9
2026-02-23,next,2026Q1,0.2743,0.9695,0.6577,0.5284,0.749,2,1,100
2026-03-09,current,2026Q1,0.2743,0.9773,0.6798,0.5951,0.7862,2,,86
2026-03-16,current,2026Q1,0.2743,0.5615,0.6465,0.5618,0.5617,3,,79
2026-03-23,current,2026Q1,0.2743,0.5615,0.648,0.5633,0.5624,3,,72
2026-03-30,current,2026Q1,0.2743,0.5537,0.648,0.5633,0.5585,3,,65
2026-04-06,current,2026Q1,0.2743,0.5846,0.6139,0.5292,0.5569,3,,58
2026-04-13,current,2026Q1,0.2743,0.3545,0.5779,0.4932,0.4238,3,,51
2026-04-20,current,2026Q1,0.2743,0.5524,0.5687,0.484,0.5182,3,,44
2026-04-27,current,2026Q1,0.2743,0.5524,0.5687,0.484,0.5182,3,,37
2026-05-04,current,2026Q1,0.2743,0.5945,0.642,0.5573,0.5759,3,,30
2026-05-11,current,2026Q1,0.2743,0.5943,0.6401,0.5554,0.5749,3,,23
2026-05-11,next,2026Q2,0.4195,0.2351,0.6001,0.5154,0.3752,1,1,114
2026-05-18,current,2026Q1,0.2743,0.5926,0.6092,0.5245,0.5585,3,,16
2026-05-18,next,2026Q2,0.4195,0.2666,0.5518,0.4671,0.3668,2,1,107
2026-05-25,current,2026Q1,0.2743,0.5926,0.5912,0.5065,0.5495,3,,9
2026-05-25,next,2026Q2,0.4195,0.2666,0.5857,0.501,0.3838,2,1,100
2026-06-08,current,2026Q2,0.4195,0.3452,0.4309,0.349,0.3471,2,,86
2026-06-15,current,2026Q2,0.4195,0.0231,0.4223,0.3404,0.1817,3,,79
2026-06-22,current,2026Q2,0.4195,0.0231,0.4602,0.3783,0.2007,3,,72
2026-06-29,current,2026Q2,0.4195,0.0231,0.4245,0.3426,0.1828,3,,65
2026-07-06,current,2026Q2,0.4195,0.0938,0.4865,0.4046,0.2492,3,,58
2026-07-13,current,2026Q2,0.4195,0.0494,0.4783,0.3964,0.2229,3,,51
2026-07-20,current,2026Q2,0.4195,0.1815,0.441,0.3591,0.2703,3,,44
2026-07-27,current,2026Q2,0.4195,0.1815,0.4695,0.3876,0.2845,3,,37
2026-08-03,current,2026Q2,0.4195,0.2479,0.4347,0.3528,0.3004,3,,30
2026-08-10,current,2026Q2,0.4195,0.255,0.4073,0.3254,0.2902,3,,23
2026-08-17,current,2026Q2,0.4195,0.2551,0.4715,0.3896,0.3223,3,,16
2026-08-24,current,2026Q2,0.4195,0.2551,0.4501,0.3682,0.3116,3,,9
