as_of,target_quarter,target_quarter_date,qoq_growth_forecast,qoq_actual,qoq_error,direction_correct,n_months_in_quarter,n_series_selected,next_target_quarter,next_target_quarter_date,qoq_growth_forecast_next,qoq_actual_next,n_months_in_next_quarter
2012-01-02,2011 Q4,2011-12-01,0.2823482315298457,0.4332,-0.1508517684701543,TRUE,3,12,NA,NA,NA,NA,NA
2012-01-09,2011 Q4,2011-12-01,0.2823482315298457,0.4332,-0.1508517684701543,TRUE,3,12,NA,NA,NA,NA,NA
2012-01-16,2011 Q4,2011-12-01,0.3385212302581031,0.4332,-0.09467876974189687,TRUE,3,12,2012 Q1,2012-03-01,0.5100777458038309,1.2957,1
2012-01-23,2011 Q4,2011-12-01,0.3385212302581031,0.4332,-0.09467876974189687,TRUE,3,12,2012 Q1,2012-03-01,0.5100777458038309,1.2957,1
2012-01-30,2011 Q4,2011-12-01,0.31664533666235184,0.4332,-0.11655466333764813,TRUE,3,12,2012 Q1,2012-03-01,0.46988559930503326,1.2957,1
2012-02-06,2011 Q4,2011-12-01,0.31664533666235184,0.4332,-0.11655466333764813,TRUE,3,12,2012 Q1,2012-03-01,0.46988559930503326,1.2957,1
2012-02-13,2011 Q4,2011-12-01,0.3152891885772841,0.4332,-0.11791081142271587,TRUE,3,12,2012 Q1,2012-03-01,0.4666341448624468,1.2957,1
2012-02-20,2011 Q4,2011-12-01,0.321396968687382,0.4332,-0.11180303131261798,TRUE,3,12,2012 Q1,2012-03-01,0.7017234987488391,1.2957,2
2012-02-27,2011 Q4,2011-12-01,0.321396968687382,0.4332,-0.11180303131261798,TRUE,3,12,2012 Q1,2012-03-01,0.7017234987488391,1.2957,2
2012-03-05,2012 Q1,2012-03-01,0.6493440599872605,1.2957,-0.6463559400127395,TRUE,2,12,NA,NA,NA,NA,NA
2012-03-12,2012 Q1,2012-03-01,0.6338049555062103,1.2957,-0.6618950444937898,TRUE,2,12,NA,NA,NA,NA,NA
2012-03-19,2012 Q1,2012-03-01,0.4496849766444603,1.2957,-0.8460150233555398,TRUE,3,12,NA,NA,NA,NA,NA
2012-03-26,2012 Q1,2012-03-01,0.4496849766444603,1.2957,-0.8460150233555398,TRUE,3,12,NA,NA,NA,NA,NA
2012-04-02,2012 Q1,2012-03-01,0.4478648957899181,1.2957,-0.847835104210082,TRUE,3,12,NA,NA,NA,NA,NA
2012-04-09,2012 Q1,2012-03-01,0.4478648957899181,1.2957,-0.847835104210082,TRUE,3,12,NA,NA,NA,NA,NA
2012-04-16,2012 Q1,2012-03-01,0.5203561806608885,1.2957,-0.7753438193391116,TRUE,3,12,2012 Q2,2012-06-01,0.6036495981208386,0.6439,1
2012-04-23,2012 Q1,2012-03-01,0.5203561806608885,1.2957,-0.7753438193391116,TRUE,3,12,2012 Q2,2012-06-01,0.6036495981208386,0.6439,1
2012-04-30,2012 Q1,2012-03-01,0.5384785738481515,1.2957,-0.7572214261518486,TRUE,3,12,2012 Q2,2012-06-01,0.5829242384834379,0.6439,1
2012-05-07,2012 Q1,2012-03-01,0.5384785738481515,1.2957,-0.7572214261518486,TRUE,3,12,2012 Q2,2012-06-01,0.5829242384834379,0.6439,1
2012-05-14,2012 Q1,2012-03-01,0.5377641473616095,1.2957,-0.7579358526383906,TRUE,3,12,2012 Q2,2012-06-01,0.5813422821203643,0.6439,1
2012-05-21,2012 Q1,2012-03-01,0.5423866396558269,1.2957,-0.7533133603441732,TRUE,3,12,2012 Q2,2012-06-01,0.6241922173903323,0.6439,2
2012-05-28,2012 Q1,2012-03-01,0.5423866396558269,1.2957,-0.7533133603441732,TRUE,3,12,2012 Q2,2012-06-01,0.6241922173903323,0.6439,2
2012-06-04,2012 Q2,2012-06-01,0.5266391860399702,0.6439,-0.11726081396002985,TRUE,2,12,NA,NA,NA,NA,NA
2012-06-11,2012 Q2,2012-06-01,0.5095921278040503,0.6439,-0.13430787219594975,TRUE,2,12,NA,NA,NA,NA,NA
2012-06-18,2012 Q2,2012-06-01,0.47723272116469967,0.6439,-0.16666727883530036,TRUE,3,12,NA,NA,NA,NA,NA
2012-06-25,2012 Q2,2012-06-01,0.47723272116469967,0.6439,-0.16666727883530036,TRUE,3,12,NA,NA,NA,NA,NA
2012-07-02,2012 Q2,2012-06-01,0.49173447580528995,0.6439,-0.15216552419471008,TRUE,3,12,NA,NA,NA,NA,NA
2012-07-09,2012 Q2,2012-06-01,0.49173447580528995,0.6439,-0.15216552419471008,TRUE,3,12,NA,NA,NA,NA,NA
2012-07-16,2012 Q2,2012-06-01,0.4041509560651162,0.6439,-0.23974904393488383,TRUE,3,12,2012 Q3,2012-09-01,0.4105245702192916,0.4682,1
2012-07-23,2012 Q2,2012-06-01,0.4041509560651162,0.6439,-0.23974904393488383,TRUE,3,12,2012 Q3,2012-09-01,0.4105245702192916,0.4682,1
2012-07-30,2012 Q2,2012-06-01,0.39841531205799746,0.6439,-0.24548468794200257,TRUE,3,12,2012 Q3,2012-09-01,0.39445837651160676,0.4682,1
2012-08-06,2012 Q2,2012-06-01,0.39841531205799746,0.6439,-0.24548468794200257,TRUE,3,12,2012 Q3,2012-09-01,0.39445837651160676,0.4682,1
2012-08-13,2012 Q2,2012-06-01,0.39128167299149147,0.6439,-0.25261832700850856,TRUE,3,12,2012 Q3,2012-09-01,0.39421524789433815,0.4682,1
2012-08-20,2012 Q2,2012-06-01,0.4001230326665625,0.6439,-0.2437769673334375,TRUE,3,12,2012 Q3,2012-09-01,0.48415972529874757,0.4682,2
2012-08-27,2012 Q2,2012-06-01,0.4001230326665625,0.6439,-0.2437769673334375,TRUE,3,12,2012 Q3,2012-09-01,0.48415972529874757,0.4682,2
2012-09-03,2012 Q3,2012-09-01,0.4531275231091032,0.4682,-0.015072476890896802,TRUE,2,12,NA,NA,NA,NA,NA
2012-09-10,2012 Q3,2012-09-01,0.43236225096408554,0.4682,-0.03583774903591447,TRUE,2,12,NA,NA,NA,NA,NA
2012-09-17,2012 Q3,2012-09-01,0.5793503192581967,0.4682,0.11115031925819668,TRUE,3,12,NA,NA,NA,NA,NA
2012-09-24,2012 Q3,2012-09-01,0.5793503192581967,0.4682,0.11115031925819668,TRUE,3,12,NA,NA,NA,NA,NA
2012-10-01,2012 Q3,2012-09-01,0.5268945736345837,0.4682,0.05869457363458369,TRUE,3,12,NA,NA,NA,NA,NA
2012-10-08,2012 Q3,2012-09-01,0.5268945736345837,0.4682,0.05869457363458369,TRUE,3,12,NA,NA,NA,NA,NA
2012-10-15,2012 Q3,2012-09-01,0.5516635161455802,0.4682,0.08346351614558017,TRUE,3,12,NA,NA,NA,NA,NA
2012-10-22,2012 Q3,2012-09-01,0.5538817463641001,0.4682,0.08568174636410014,TRUE,3,12,2012 Q4,2012-12-01,0.6328898980989075,0.5957,1
2012-10-29,2012 Q3,2012-09-01,0.5538817463641001,0.4682,0.08568174636410014,TRUE,3,12,2012 Q4,2012-12-01,0.6328898980989075,0.5957,1
2012-11-05,2012 Q3,2012-09-01,0.5075389927985376,0.4682,0.03933899279853764,TRUE,3,12,2012 Q4,2012-12-01,0.5148456452262826,0.5957,1
2012-11-12,2012 Q3,2012-09-01,0.5066514984839946,0.4682,0.038451498483994595,TRUE,3,12,2012 Q4,2012-12-01,0.4865527682532834,0.5957,1
2012-11-19,2012 Q3,2012-09-01,0.510037855746552,0.4682,0.04183785574655202,TRUE,3,12,2012 Q4,2012-12-01,0.4707191255087618,0.5957,2
2012-11-26,2012 Q3,2012-09-01,0.510037855746552,0.4682,0.04183785574655202,TRUE,3,12,2012 Q4,2012-12-01,0.4707191255087618,0.5957,2
2012-12-03,2012 Q4,2012-12-01,0.41098587967424305,0.5957,-0.18471412032575696,TRUE,2,12,NA,NA,NA,NA,NA
2012-12-10,2012 Q4,2012-12-01,0.3755768838328718,0.5957,-0.2201231161671282,TRUE,2,12,NA,NA,NA,NA,NA
2012-12-17,2012 Q4,2012-12-01,0.3597133360809157,0.5957,-0.2359866639190843,TRUE,3,12,NA,NA,NA,NA,NA
2012-12-24,2012 Q4,2012-12-01,0.3597133360809157,0.5957,-0.2359866639190843,TRUE,3,12,NA,NA,NA,NA,NA
2012-12-31,2012 Q4,2012-12-01,0.3312602522889555,0.5957,-0.2644397477110445,TRUE,3,12,NA,NA,NA,NA,NA
2013-01-07,2012 Q4,2012-12-01,0.3312602522889555,0.5957,-0.2644397477110445,TRUE,3,12,NA,NA,NA,NA,NA
2013-01-14,2012 Q4,2012-12-01,0.3276450522080761,0.5957,-0.2680549477919239,TRUE,3,12,NA,NA,NA,NA,NA
2013-01-21,2012 Q4,2012-12-01,0.3026726147334597,0.5957,-0.2930273852665403,TRUE,3,12,2013 Q1,2013-03-01,0.44056539273321627,0.5535,1
2013-01-28,2012 Q4,2012-12-01,0.3026726147334597,0.5957,-0.2930273852665403,TRUE,3,12,2013 Q1,2013-03-01,0.44056539273321627,0.5535,1
2013-02-04,2012 Q4,2012-12-01,0.28718488063068565,0.5957,-0.30851511936931436,TRUE,3,12,2013 Q1,2013-03-01,0.3990291236314386,0.5535,1
2013-02-11,2012 Q4,2012-12-01,0.2871198357271209,0.5957,-0.3085801642728791,TRUE,3,12,2013 Q1,2013-03-01,0.3933013487078988,0.5535,1
2013-02-18,2012 Q4,2012-12-01,0.28940281241284205,0.5957,-0.30629718758715796,TRUE,3,12,2013 Q1,2013-03-01,0.6896745494188928,0.5535,2
2013-02-25,2012 Q4,2012-12-01,0.28940281241284205,0.5957,-0.30629718758715796,TRUE,3,12,2013 Q1,2013-03-01,0.6896745494188928,0.5535,2
2013-03-04,2013 Q1,2013-03-01,0.6185225008760816,0.5535,0.06502250087608163,TRUE,2,12,NA,NA,NA,NA,NA
2013-03-11,2013 Q1,2013-03-01,0.6060663411699949,0.5535,0.052566341169994923,TRUE,2,12,NA,NA,NA,NA,NA
2013-03-18,2013 Q1,2013-03-01,0.5497213435898313,0.5535,-0.0037786564101687237,TRUE,3,12,NA,NA,NA,NA,NA
2013-03-25,2013 Q1,2013-03-01,0.5497213435898313,0.5535,-0.0037786564101687237,TRUE,3,12,NA,NA,NA,NA,NA
2013-04-01,2013 Q1,2013-03-01,0.4983548237956149,0.5535,-0.05514517620438508,TRUE,3,12,NA,NA,NA,NA,NA
2013-04-08,2013 Q1,2013-03-01,0.4983548237956149,0.5535,-0.05514517620438508,TRUE,3,12,NA,NA,NA,NA,NA
2013-04-15,2013 Q1,2013-03-01,0.40302304044737214,0.5535,-0.15047695955262785,TRUE,3,12,2013 Q2,2013-06-01,0.23952537614821315,0.5919,1
2013-04-22,2013 Q1,2013-03-01,0.40302304044737214,0.5535,-0.15047695955262785,TRUE,3,12,2013 Q2,2013-06-01,0.23952537614821315,0.5919,1
2013-04-29,2013 Q1,2013-03-01,0.40302304044737214,0.5535,-0.15047695955262785,TRUE,3,12,2013 Q2,2013-06-01,0.23952537614821315,0.5919,1
2013-05-06,2013 Q1,2013-03-01,0.3724736201865318,0.5535,-0.1810263798134682,TRUE,3,12,2013 Q2,2013-06-01,0.27331036023321964,0.5919,1
2013-05-13,2013 Q1,2013-03-01,0.3726536253431572,0.5535,-0.18084637465684278,TRUE,3,12,2013 Q2,2013-06-01,0.25484087989913673,0.5919,1
2013-05-20,2013 Q1,2013-03-01,0.4936997512182162,0.5535,-0.059800248781783805,TRUE,3,12,2013 Q2,2013-06-01,0.37332107797601455,0.5919,2
2013-05-27,2013 Q1,2013-03-01,0.4936997512182162,0.5535,-0.059800248781783805,TRUE,3,12,2013 Q2,2013-06-01,0.37332107797601455,0.5919,2
2013-06-03,2013 Q2,2013-06-01,0.39621527093145226,0.5919,-0.19568472906854772,TRUE,2,12,NA,NA,NA,NA,NA
2013-06-10,2013 Q2,2013-06-01,0.37942332583153626,0.5919,-0.21247667416846372,TRUE,2,12,NA,NA,NA,NA,NA
2013-06-17,2013 Q2,2013-06-01,0.390039187211468,0.5919,-0.20186081278853196,TRUE,3,12,NA,NA,NA,NA,NA
2013-06-24,2013 Q2,2013-06-01,0.390039187211468,0.5919,-0.20186081278853196,TRUE,3,12,NA,NA,NA,NA,NA
2013-07-01,2013 Q2,2013-06-01,0.4454351583456368,0.5919,-0.1464648416543632,TRUE,3,12,NA,NA,NA,NA,NA
2013-07-08,2013 Q2,2013-06-01,0.4454351583456368,0.5919,-0.1464648416543632,TRUE,3,12,NA,NA,NA,NA,NA
2013-07-15,2013 Q2,2013-06-01,0.4014318285112968,0.5919,-0.1904681714887032,TRUE,3,12,NA,NA,NA,NA,NA
2013-07-22,2013 Q2,2013-06-01,0.4033033825301035,0.5919,-0.18859661746989648,TRUE,3,12,2013 Q3,2013-09-01,0.4294123002551448,0.5607,1
2013-07-29,2013 Q2,2013-06-01,0.4033033825301035,0.5919,-0.18859661746989648,TRUE,3,12,2013 Q3,2013-09-01,0.4294123002551448,0.5607,1
2013-08-05,2013 Q2,2013-06-01,0.33872426394968075,0.5919,-0.25317573605031923,TRUE,3,12,2013 Q3,2013-09-01,0.4728708073152328,0.5607,1
2013-08-12,2013 Q2,2013-06-01,0.3405217154651569,0.5919,-0.25137828453484307,TRUE,3,12,2013 Q3,2013-09-01,0.4481016279628136,0.5607,1
2013-08-19,2013 Q2,2013-06-01,0.4067957076782105,0.5919,-0.1851042923217895,TRUE,3,12,2013 Q3,2013-09-01,0.5155077767058628,0.5607,2
2013-08-26,2013 Q2,2013-06-01,0.4067957076782105,0.5919,-0.1851042923217895,TRUE,3,12,2013 Q3,2013-09-01,0.5155077767058628,0.5607,2
2013-09-02,2013 Q3,2013-09-01,0.4567920976000768,0.5607,-0.1039079023999232,TRUE,2,12,NA,NA,NA,NA,NA
2013-09-09,2013 Q3,2013-09-01,0.4567920976000768,0.5607,-0.1039079023999232,TRUE,2,12,NA,NA,NA,NA,NA
2013-09-16,2013 Q3,2013-09-01,0.3954432845075438,0.5607,-0.16525671549245619,TRUE,3,12,NA,NA,NA,NA,NA
2013-09-23,2013 Q3,2013-09-01,0.3954432845075438,0.5607,-0.16525671549245619,TRUE,3,12,NA,NA,NA,NA,NA
2013-09-30,2013 Q3,2013-09-01,0.3785635505492822,0.5607,-0.18213644945071777,TRUE,3,12,NA,NA,NA,NA,NA
2013-10-07,2013 Q3,2013-09-01,0.3785635505492822,0.5607,-0.18213644945071777,TRUE,3,12,NA,NA,NA,NA,NA
2013-10-14,2013 Q3,2013-09-01,0.3994265780016024,0.5607,-0.16127342199839756,TRUE,3,12,NA,NA,NA,NA,NA
2013-10-21,2013 Q3,2013-09-01,0.4145808324170575,0.5607,-0.14611916758294247,TRUE,3,12,2013 Q4,2013-12-01,0.6164376275729042,0.7977,1
2013-10-28,2013 Q3,2013-09-01,0.4145808324170575,0.5607,-0.14611916758294247,TRUE,3,12,2013 Q4,2013-12-01,0.6164376275729042,0.7977,1
2013-11-04,2013 Q3,2013-09-01,0.4067421597319188,0.5607,-0.15395784026808118,TRUE,3,12,2013 Q4,2013-12-01,0.6063706088996715,0.7977,1
2013-11-11,2013 Q3,2013-09-01,0.40671100508086727,0.5607,-0.1539889949191327,TRUE,3,12,2013 Q4,2013-12-01,0.6088214824961956,0.7977,1
2013-11-18,2013 Q3,2013-09-01,0.40712868375848976,0.5607,-0.15357131624151021,TRUE,3,12,2013 Q4,2013-12-01,0.5167836603375842,0.7977,2
2013-11-25,2013 Q3,2013-09-01,0.40712868375848976,0.5607,-0.15357131624151021,TRUE,3,12,2013 Q4,2013-12-01,0.5167836603375842,0.7977,2
2013-12-02,2013 Q4,2013-12-01,0.5340458092447443,0.7977,-0.26365419075525565,TRUE,2,12,NA,NA,NA,NA,NA
2013-12-09,2013 Q4,2013-12-01,0.5340458092447443,0.7977,-0.26365419075525565,TRUE,2,12,NA,NA,NA,NA,NA
2013-12-16,2013 Q4,2013-12-01,0.3096927121662544,0.7977,-0.4880072878337456,TRUE,3,12,NA,NA,NA,NA,NA
2013-12-23,2013 Q4,2013-12-01,0.3096927121662544,0.7977,-0.4880072878337456,TRUE,3,12,NA,NA,NA,NA,NA
2013-12-30,2013 Q4,2013-12-01,0.45708872537585565,0.7977,-0.3406112746241443,TRUE,3,12,NA,NA,NA,NA,NA
2014-01-06,2013 Q4,2013-12-01,0.45708872537585565,0.7977,-0.3406112746241443,TRUE,3,12,NA,NA,NA,NA,NA
2014-01-13,2013 Q4,2013-12-01,0.4640801860980242,0.7977,-0.33361981390197576,TRUE,3,12,NA,NA,NA,NA,NA
2014-01-20,2013 Q4,2013-12-01,0.2561160766438266,0.7977,-0.5415839233561734,TRUE,3,12,2014 Q1,2014-03-01,0.31677682346669356,1.1083,1
2014-01-27,2013 Q4,2013-12-01,0.2561160766438266,0.7977,-0.5415839233561734,TRUE,3,12,2014 Q1,2014-03-01,0.31677682346669356,1.1083,1
2014-02-03,2013 Q4,2013-12-01,0.31662999169059974,0.7977,-0.4810700083094002,TRUE,3,12,2014 Q1,2014-03-01,0.41353483316527595,1.1083,1
2014-02-10,2013 Q4,2013-12-01,0.31380945621598116,0.7977,-0.4838905437840188,TRUE,3,12,2014 Q1,2014-03-01,0.41475086081942186,1.1083,1
2014-02-17,2013 Q4,2013-12-01,0.31564978694710233,0.7977,-0.48205021305289764,TRUE,3,12,2014 Q1,2014-03-01,0.4822993221956266,1.1083,2
2014-02-24,2013 Q4,2013-12-01,0.31564978694710233,0.7977,-0.48205021305289764,TRUE,3,12,2014 Q1,2014-03-01,0.4822993221956266,1.1083,2
2014-03-03,2014 Q1,2014-03-01,0.47025289786529256,1.1083,-0.6380471021347075,TRUE,2,12,NA,NA,NA,NA,NA
2014-03-10,2014 Q1,2014-03-01,0.4723030554752531,1.1083,-0.635996944524747,TRUE,2,12,NA,NA,NA,NA,NA
2014-03-17,2014 Q1,2014-03-01,0.6429224347046981,1.1083,-0.46537756529530194,TRUE,3,12,NA,NA,NA,NA,NA
2014-03-24,2014 Q1,2014-03-01,0.6429224347046981,1.1083,-0.46537756529530194,TRUE,3,12,NA,NA,NA,NA,NA
2014-03-31,2014 Q1,2014-03-01,0.6521644745362186,1.1083,-0.45613552546378144,TRUE,3,12,NA,NA,NA,NA,NA
2014-04-07,2014 Q1,2014-03-01,0.6521644745362186,1.1083,-0.45613552546378144,TRUE,3,12,NA,NA,NA,NA,NA
2014-04-14,2014 Q1,2014-03-01,0.6490784966970086,1.1083,-0.4592215033029915,TRUE,3,12,NA,NA,NA,NA,NA
2014-04-21,2014 Q1,2014-03-01,0.7072586262992435,1.1083,-0.40104137370075654,TRUE,3,12,2014 Q2,2014-06-01,0.7564434643911451,0.4871,1
2014-04-28,2014 Q1,2014-03-01,0.7072586262992435,1.1083,-0.40104137370075654,TRUE,3,12,2014 Q2,2014-06-01,0.7564434643911451,0.4871,1
2014-05-05,2014 Q1,2014-03-01,0.6871448690377815,1.1083,-0.42115513096221857,TRUE,3,12,2014 Q2,2014-06-01,0.7135693795534452,0.4871,1
2014-05-12,2014 Q1,2014-03-01,0.6860298740117807,1.1083,-0.42227012598821934,TRUE,3,12,2014 Q2,2014-06-01,0.7128749185120106,0.4871,1
2014-05-19,2014 Q1,2014-03-01,0.6867869361271947,1.1083,-0.4215130638728054,TRUE,3,12,2014 Q2,2014-06-01,0.7014180158156023,0.4871,2
2014-05-26,2014 Q1,2014-03-01,0.6867869361271947,1.1083,-0.4215130638728054,TRUE,3,12,2014 Q2,2014-06-01,0.7014180158156023,0.4871,2
2014-06-02,2014 Q2,2014-06-01,0.6665604062366612,0.4871,0.17946040623666126,TRUE,2,12,NA,NA,NA,NA,NA
2014-06-09,2014 Q2,2014-06-01,0.6665604062366612,0.4871,0.17946040623666126,TRUE,2,12,NA,NA,NA,NA,NA
2014-06-16,2014 Q2,2014-06-01,0.5439704632881178,0.4871,0.056870463288117845,TRUE,3,12,NA,NA,NA,NA,NA
2014-06-23,2014 Q2,2014-06-01,0.5439704632881178,0.4871,0.056870463288117845,TRUE,3,12,NA,NA,NA,NA,NA
2014-06-30,2014 Q2,2014-06-01,0.5485205211711817,0.4871,0.061420521171181686,TRUE,3,12,NA,NA,NA,NA,NA
2014-07-07,2014 Q2,2014-06-01,0.5485205211711817,0.4871,0.061420521171181686,TRUE,3,12,NA,NA,NA,NA,NA
2014-07-14,2014 Q2,2014-06-01,0.5511671678022302,0.4871,0.06406716780223021,TRUE,3,12,NA,NA,NA,NA,NA
2014-07-21,2014 Q2,2014-06-01,0.5122157984725045,0.4871,0.025115798472504558,TRUE,3,12,2014 Q3,2014-09-01,0.5184402117754137,0.3387,1
2014-07-28,2014 Q2,2014-06-01,0.5122157984725045,0.4871,0.025115798472504558,TRUE,3,12,2014 Q3,2014-09-01,0.5184402117754137,0.3387,1
2014-08-04,2014 Q2,2014-06-01,0.5565675510445744,0.4871,0.06946755104457447,TRUE,3,12,2014 Q3,2014-09-01,0.6117250383726,0.3387,1
2014-08-11,2014 Q2,2014-06-01,0.5542770132714421,0.4871,0.0671770132714421,TRUE,3,12,2014 Q3,2014-09-01,0.6144663468656117,0.3387,1
2014-08-18,2014 Q2,2014-06-01,0.55073037298624,0.4871,0.06363037298623997,TRUE,3,12,2014 Q3,2014-09-01,0.5948224984116229,0.3387,2
2014-08-25,2014 Q2,2014-06-01,0.55073037298624,0.4871,0.06363037298623997,TRUE,3,12,2014 Q3,2014-09-01,0.5948224984116229,0.3387,2
2014-09-01,2014 Q3,2014-09-01,0.5493036649717943,0.3387,0.21060366497179428,TRUE,2,12,NA,NA,NA,NA,NA
2014-09-08,2014 Q3,2014-09-01,0.5493036649717943,0.3387,0.21060366497179428,TRUE,2,12,NA,NA,NA,NA,NA
2014-09-15,2014 Q3,2014-09-01,0.4415043266552352,0.3387,0.1028043266552352,TRUE,3,12,NA,NA,NA,NA,NA
2014-09-22,2014 Q3,2014-09-01,0.4415043266552352,0.3387,0.1028043266552352,TRUE,3,12,NA,NA,NA,NA,NA
2014-09-29,2014 Q3,2014-09-01,0.4415043266552352,0.3387,0.1028043266552352,TRUE,3,12,NA,NA,NA,NA,NA
2014-10-06,2014 Q3,2014-09-01,0.3957051646027595,0.3387,0.057005164602759506,TRUE,3,12,NA,NA,NA,NA,NA
2014-10-13,2014 Q3,2014-09-01,0.3537016317820555,0.3387,0.015001631782055491,TRUE,3,12,NA,NA,NA,NA,NA
2014-10-20,2014 Q3,2014-09-01,0.31249338414736993,0.3387,-0.026206615852630066,TRUE,3,12,2014 Q4,2014-12-01,0.3786802206092391,0.5494,1
2014-10-27,2014 Q3,2014-09-01,0.31249338414736993,0.3387,-0.026206615852630066,TRUE,3,12,2014 Q4,2014-12-01,0.3786802206092391,0.5494,1
2014-11-03,2014 Q3,2014-09-01,0.3735204955634983,0.3387,0.03482049556349831,TRUE,3,12,2014 Q4,2014-12-01,0.4594049058800688,0.5494,1
2014-11-10,2014 Q3,2014-09-01,0.3699391248428735,0.3387,0.0312391248428735,TRUE,3,12,2014 Q4,2014-12-01,0.4545463782647677,0.5494,1
2014-11-17,2014 Q3,2014-09-01,0.3663441322729571,0.3387,0.02764413227295709,TRUE,3,12,2014 Q4,2014-12-01,0.49918183720638876,0.5494,2
2014-11-24,2014 Q3,2014-09-01,0.3663441322729571,0.3387,0.02764413227295709,TRUE,3,12,2014 Q4,2014-12-01,0.49918183720638876,0.5494,2
2014-12-01,2014 Q4,2014-12-01,0.515896418708357,0.5494,-0.03350358129164299,TRUE,2,12,NA,NA,NA,NA,NA
2014-12-08,2014 Q4,2014-12-01,0.515896418708357,0.5494,-0.03350358129164299,TRUE,2,12,NA,NA,NA,NA,NA
2014-12-15,2014 Q4,2014-12-01,0.4119911247008506,0.5494,-0.1374088752991494,TRUE,2,12,NA,NA,NA,NA,NA
2014-12-22,2014 Q4,2014-12-01,0.49759771494713656,0.5494,-0.05180228505286344,TRUE,3,12,NA,NA,NA,NA,NA
2014-12-29,2014 Q4,2014-12-01,0.49759771494713656,0.5494,-0.05180228505286344,TRUE,3,12,NA,NA,NA,NA,NA
2015-01-05,2014 Q4,2014-12-01,0.5679522394816244,0.5494,0.018552239481624433,TRUE,3,12,NA,NA,NA,NA,NA
2015-01-12,2014 Q4,2014-12-01,0.5074627269636989,0.5494,-0.041937273036301126,TRUE,3,12,NA,NA,NA,NA,NA
2015-01-19,2014 Q4,2014-12-01,0.6177317063662928,0.5494,0.06833170636629282,TRUE,3,12,2015 Q1,2015-03-01,0.7414636969304221,0.9321,1
2015-01-26,2014 Q4,2014-12-01,0.6177317063662928,0.5494,0.06833170636629282,TRUE,3,12,2015 Q1,2015-03-01,0.7414636969304221,0.9321,1
2015-02-02,2014 Q4,2014-12-01,0.6210917596591057,0.5494,0.07169175965910568,TRUE,3,12,2015 Q1,2015-03-01,0.7315415065842447,0.9321,1
2015-02-09,2014 Q4,2014-12-01,0.6210917596591057,0.5494,0.07169175965910568,TRUE,3,12,2015 Q1,2015-03-01,0.7315415065842447,0.9321,1
2015-02-16,2014 Q4,2014-12-01,0.6196759883059421,0.5494,0.07027598830594206,TRUE,3,12,2015 Q1,2015-03-01,0.7817361189528674,0.9321,2
2015-02-23,2014 Q4,2014-12-01,0.6196759883059421,0.5494,0.07027598830594206,TRUE,3,12,2015 Q1,2015-03-01,0.7817361189528674,0.9321,2
2015-03-02,2015 Q1,2015-03-01,0.7516578422533705,0.9321,-0.18044215774662953,TRUE,2,13,NA,NA,NA,NA,NA
2015-03-09,2015 Q1,2015-03-01,0.7551190064616304,0.9321,-0.1769809935383696,TRUE,2,13,NA,NA,NA,NA,NA
2015-03-16,2015 Q1,2015-03-01,0.7501978337343307,0.9321,-0.18190216626566935,TRUE,3,13,NA,NA,NA,NA,NA
2015-03-23,2015 Q1,2015-03-01,0.7501978337343307,0.9321,-0.18190216626566935,TRUE,3,13,NA,NA,NA,NA,NA
2015-03-30,2015 Q1,2015-03-01,0.6859186000905273,0.9321,-0.24618139990947274,TRUE,3,13,NA,NA,NA,NA,NA
2015-04-06,2015 Q1,2015-03-01,0.6978972243979751,0.9321,-0.23420277560202496,TRUE,3,13,NA,NA,NA,NA,NA
2015-04-13,2015 Q1,2015-03-01,0.692328752968615,0.9321,-0.23977124703138508,TRUE,3,13,NA,NA,NA,NA,NA
2015-04-20,2015 Q1,2015-03-01,0.836795936777034,0.9321,-0.09530406322296603,TRUE,3,13,2015 Q2,2015-06-01,0.8559282926587768,0.1653,1
2015-04-27,2015 Q1,2015-03-01,0.836795936777034,0.9321,-0.09530406322296603,TRUE,3,13,2015 Q2,2015-06-01,0.8559282926587768,0.1653,1
2015-05-04,2015 Q1,2015-03-01,0.8059233943959958,0.9321,-0.12617660560400423,TRUE,3,13,2015 Q2,2015-06-01,0.8141088851348766,0.1653,1
2015-05-11,2015 Q1,2015-03-01,0.8293398326295095,0.9321,-0.10276016737049054,TRUE,3,13,2015 Q2,2015-06-01,0.8571769835639025,0.1653,1
2015-05-18,2015 Q1,2015-03-01,0.747733375223229,0.9321,-0.18436662477677102,TRUE,3,13,2015 Q2,2015-06-01,0.5858171078701452,0.1653,2
2015-05-25,2015 Q1,2015-03-01,0.747733375223229,0.9321,-0.18436662477677102,TRUE,3,13,2015 Q2,2015-06-01,0.5858171078701452,0.1653,2
2015-06-01,2015 Q2,2015-06-01,0.5395652091834641,0.1653,0.37426520918346406,TRUE,2,13,NA,NA,NA,NA,NA
2015-06-08,2015 Q2,2015-06-01,0.48024326620958824,0.1653,0.31494326620958824,TRUE,2,13,NA,NA,NA,NA,NA
2015-06-15,2015 Q2,2015-06-01,0.526409311412351,0.1653,0.36110931141235103,TRUE,3,13,NA,NA,NA,NA,NA
2015-06-22,2015 Q2,2015-06-01,0.526409311412351,0.1653,0.36110931141235103,TRUE,3,13,NA,NA,NA,NA,NA
2015-06-29,2015 Q2,2015-06-01,0.526409311412351,0.1653,0.36110931141235103,TRUE,3,13,NA,NA,NA,NA,NA
2015-07-06,2015 Q2,2015-06-01,0.5222671331536815,0.1653,0.35696713315368145,TRUE,3,13,NA,NA,NA,NA,NA
2015-07-13,2015 Q2,2015-06-01,0.5318824309407281,0.1653,0.36658243094072807,TRUE,3,13,NA,NA,NA,NA,NA
2015-07-20,2015 Q2,2015-06-01,0.4819454485957942,0.1653,0.3166454485957942,TRUE,3,13,2015 Q3,2015-09-01,0.589476229333771,0.9411,1
2015-07-27,2015 Q2,2015-06-01,0.4819454485957942,0.1653,0.3166454485957942,TRUE,3,13,2015 Q3,2015-09-01,0.589476229333771,0.9411,1
2015-08-03,2015 Q2,2015-06-01,0.49532178537270827,0.1653,0.33002178537270827,TRUE,3,13,2015 Q3,2015-09-01,0.6224632975360801,0.9411,1
2015-08-10,2015 Q2,2015-06-01,0.5065298286957559,0.1653,0.3412298286957559,TRUE,3,13,2015 Q3,2015-09-01,0.6431332458751735,0.9411,1
2015-08-17,2015 Q2,2015-06-01,0.4884266644869823,0.1653,0.3231266644869823,TRUE,3,13,2015 Q3,2015-09-01,0.5565414968681492,0.9411,2
2015-08-24,2015 Q2,2015-06-01,0.4884266644869823,0.1653,0.3231266644869823,TRUE,3,13,2015 Q3,2015-09-01,0.5565414968681492,0.9411,2
2015-08-31,2015 Q3,2015-09-01,0.4591874228763022,0.9411,-0.48191257712369784,TRUE,2,14,NA,NA,NA,NA,NA
2015-09-07,2015 Q3,2015-09-01,0.14418762873260574,0.9411,-0.7969123712673943,TRUE,2,14,NA,NA,NA,NA,NA
2015-09-14,2015 Q3,2015-09-01,0.1412846697089668,0.9411,-0.7998153302910332,TRUE,2,14,NA,NA,NA,NA,NA
2015-09-21,2015 Q3,2015-09-01,0.48673154679596903,0.9411,-0.454368453204031,TRUE,3,14,NA,NA,NA,NA,NA
2015-09-28,2015 Q3,2015-09-01,0.48673154679596903,0.9411,-0.454368453204031,TRUE,3,14,NA,NA,NA,NA,NA
2015-10-05,2015 Q3,2015-09-01,0.48434818983997946,0.9411,-0.4567518101600206,TRUE,3,14,NA,NA,NA,NA,NA
2015-10-12,2015 Q3,2015-09-01,0.4806784874642186,0.9411,-0.46042151253578145,TRUE,3,14,NA,NA,NA,NA,NA
2015-10-19,2015 Q3,2015-09-01,0.1141200927897369,0.9411,-0.8269799072102632,TRUE,3,14,2015 Q4,2015-12-01,0.31206583113425984,0.632,1
2015-10-26,2015 Q3,2015-09-01,0.1141200927897369,0.9411,-0.8269799072102632,TRUE,3,14,2015 Q4,2015-12-01,0.31206583113425984,0.632,1
2015-11-02,2015 Q3,2015-09-01,0.11236075681338181,0.9411,-0.8287392431866183,TRUE,3,14,2015 Q4,2015-12-01,0.3149541746288587,0.632,1
2015-11-09,2015 Q3,2015-09-01,0.1159462208256965,0.9411,-0.8251537791743035,TRUE,3,14,2015 Q4,2015-12-01,0.324314133956079,0.632,1
2015-11-16,2015 Q3,2015-09-01,0.11390883914268946,0.9411,-0.8271911608573106,TRUE,3,14,2015 Q4,2015-12-01,0.33424475206534926,0.632,2
2015-11-23,2015 Q3,2015-09-01,0.11390883914268946,0.9411,-0.8271911608573106,TRUE,3,14,2015 Q4,2015-12-01,0.33424475206534926,0.632,2
2015-11-30,2015 Q4,2015-12-01,0.3534437903230852,0.632,-0.2785562096769148,TRUE,2,14,NA,NA,NA,NA,NA
2015-12-07,2015 Q4,2015-12-01,0.35038011778562217,0.632,-0.28161988221437784,TRUE,2,14,NA,NA,NA,NA,NA
2015-12-14,2015 Q4,2015-12-01,0.35202413584592857,0.632,-0.27997586415407144,TRUE,2,14,NA,NA,NA,NA,NA
2015-12-21,2015 Q4,2015-12-01,0.6358063521015663,0.632,0.0038063521015663238,TRUE,3,14,NA,NA,NA,NA,NA
2015-12-28,2015 Q4,2015-12-01,0.6358063521015663,0.632,0.0038063521015663238,TRUE,3,14,NA,NA,NA,NA,NA
2016-01-04,2015 Q4,2015-12-01,0.6362676401804528,0.632,0.004267640180452781,TRUE,3,14,NA,NA,NA,NA,NA
2016-01-11,2015 Q4,2015-12-01,0.6235834289064357,0.632,-0.008416571093564307,TRUE,3,14,NA,NA,NA,NA,NA
2016-01-18,2015 Q4,2015-12-01,0.8116948069136091,0.632,0.17969480691360906,TRUE,3,14,2016 Q1,2016-03-01,0.8423118070841792,1.063,1
2016-01-25,2015 Q4,2015-12-01,0.8116948069136091,0.632,0.17969480691360906,TRUE,3,14,2016 Q1,2016-03-01,0.8423118070841792,1.063,1
2016-02-01,2015 Q4,2015-12-01,0.8096235079360339,0.632,0.17762350793603388,TRUE,3,14,2016 Q1,2016-03-01,0.8405406525457417,1.063,1
2016-02-08,2015 Q4,2015-12-01,0.8130575423178688,0.632,0.18105754231786875,TRUE,3,14,2016 Q1,2016-03-01,0.8430747634857829,1.063,1
2016-02-15,2015 Q4,2015-12-01,0.8172393327516664,0.632,0.18523933275166637,TRUE,3,14,2016 Q1,2016-03-01,0.7665639910892602,1.063,2
2016-02-22,2015 Q4,2015-12-01,0.8172393327516664,0.632,0.18523933275166637,TRUE,3,14,2016 Q1,2016-03-01,0.7665639910892602,1.063,2
2016-02-29,2016 Q1,2016-03-01,0.5820361827766937,1.063,-0.4809638172233063,TRUE,2,13,NA,NA,NA,NA,NA
2016-03-07,2016 Q1,2016-03-01,0.5535210648464598,1.063,-0.5094789351535401,TRUE,2,13,NA,NA,NA,NA,NA
2016-03-14,2016 Q1,2016-03-01,0.5502078148985894,1.063,-0.5127921851014106,TRUE,2,13,NA,NA,NA,NA,NA
2016-03-21,2016 Q1,2016-03-01,0.6501342597766181,1.063,-0.41286574022338185,TRUE,3,13,NA,NA,NA,NA,NA
2016-03-28,2016 Q1,2016-03-01,0.6501342597766181,1.063,-0.41286574022338185,TRUE,3,13,NA,NA,NA,NA,NA
2016-04-04,2016 Q1,2016-03-01,0.6494319187437572,1.063,-0.4135680812562428,TRUE,3,13,NA,NA,NA,NA,NA
2016-04-11,2016 Q1,2016-03-01,0.6494052789933222,1.063,-0.4135947210066777,TRUE,3,13,NA,NA,NA,NA,NA
2016-04-18,2016 Q1,2016-03-01,0.5352236770955981,1.063,-0.5277763229044018,TRUE,3,13,2016 Q2,2016-06-01,0.5491133772599206,0.5256,1
2016-04-25,2016 Q1,2016-03-01,0.5352236770955981,1.063,-0.5277763229044018,TRUE,3,13,2016 Q2,2016-06-01,0.5491133772599206,0.5256,1
2016-05-02,2016 Q1,2016-03-01,0.48584242631257346,1.063,-0.5771575736874265,TRUE,3,13,2016 Q2,2016-06-01,0.4859216511294172,0.5256,1
2016-05-09,2016 Q1,2016-03-01,0.4841979630258303,1.063,-0.5788020369741697,TRUE,3,13,2016 Q2,2016-06-01,0.48620307683135905,0.5256,1
2016-05-16,2016 Q1,2016-03-01,0.5013205981983117,1.063,-0.5616794018016883,TRUE,3,13,2016 Q2,2016-06-01,0.18487121989401875,0.5256,2
2016-05-23,2016 Q1,2016-03-01,0.5013205981983117,1.063,-0.5616794018016883,TRUE,3,13,2016 Q2,2016-06-01,0.18487121989401875,0.5256,2
2016-05-30,2016 Q2,2016-06-01,0.1310071234059073,0.5256,-0.39459287659409265,TRUE,2,14,NA,NA,NA,NA,NA
2016-06-06,2016 Q2,2016-06-01,0.07386601729503614,0.5256,-0.4517339827049638,TRUE,2,14,NA,NA,NA,NA,NA
2016-06-13,2016 Q2,2016-06-01,0.07138473516129443,0.5256,-0.45421526483870556,TRUE,2,14,NA,NA,NA,NA,NA
2016-06-20,2016 Q2,2016-06-01,0.48783647072650355,0.5256,-0.03776352927349641,TRUE,3,14,NA,NA,NA,NA,NA
2016-06-27,2016 Q2,2016-06-01,0.48783647072650355,0.5256,-0.03776352927349641,TRUE,3,14,NA,NA,NA,NA,NA
2016-07-04,2016 Q2,2016-06-01,0.516971901985124,0.5256,-0.008628098014875962,TRUE,3,14,NA,NA,NA,NA,NA
2016-07-11,2016 Q2,2016-06-01,0.6776582636754819,0.5256,0.15205826367548192,TRUE,3,14,NA,NA,NA,NA,NA
2016-07-18,2016 Q2,2016-06-01,0.38372757358052456,0.5256,-0.1418724264194754,TRUE,3,14,2016 Q3,2016-09-01,0.4973576339877889,-0.4732,1
2016-07-25,2016 Q2,2016-06-01,0.38372757358052456,0.5256,-0.1418724264194754,TRUE,3,14,2016 Q3,2016-09-01,0.4973576339877889,-0.4732,1
2016-08-01,2016 Q2,2016-06-01,0.35091778936750606,0.5256,-0.1746822106324939,TRUE,3,14,2016 Q3,2016-09-01,0.4629064520019941,-0.4732,1
2016-08-08,2016 Q2,2016-06-01,0.39752145870901845,0.5256,-0.1280785412909815,TRUE,3,14,2016 Q3,2016-09-01,0.6039094874250306,-0.4732,1
2016-08-15,2016 Q2,2016-06-01,0.3904815701785917,0.5256,-0.13511842982140826,TRUE,3,14,2016 Q3,2016-09-01,0.5727979440005821,-0.4732,1
2016-08-22,2016 Q2,2016-06-01,0.39363805338651725,0.5256,-0.1319619466134827,TRUE,3,14,2016 Q3,2016-09-01,0.557303921509763,-0.4732,2
2016-08-29,2016 Q3,2016-09-01,-0.03426092451487861,-0.4732,0.4389390754851214,TRUE,2,13,NA,NA,NA,NA,NA
2016-09-05,2016 Q3,2016-09-01,0.5238192981178519,-0.4732,0.9970192981178518,FALSE,2,13,NA,NA,NA,NA,NA
2016-09-12,2016 Q3,2016-09-01,0.5283281334723898,-0.4732,1.0015281334723898,FALSE,2,13,NA,NA,NA,NA,NA
2016-09-19,2016 Q3,2016-09-01,0.5177158312980898,-0.4732,0.9909158312980899,FALSE,3,13,NA,NA,NA,NA,NA
2016-09-26,2016 Q3,2016-09-01,0.5177158312980898,-0.4732,0.9909158312980899,FALSE,3,13,NA,NA,NA,NA,NA
2016-10-03,2016 Q3,2016-09-01,0.5023683287265034,-0.4732,0.9755683287265033,FALSE,3,13,NA,NA,NA,NA,NA
2016-10-10,2016 Q3,2016-09-01,0.48210616022162966,-0.4732,0.9553061602216297,FALSE,3,13,NA,NA,NA,NA,NA
2016-10-17,2016 Q3,2016-09-01,0.4150228122518804,-0.4732,0.8882228122518805,FALSE,3,13,2016 Q4,2016-12-01,0.42443548446062174,1.084,1
2016-10-24,2016 Q3,2016-09-01,0.4150228122518804,-0.4732,0.8882228122518805,FALSE,3,13,2016 Q4,2016-12-01,0.42443548446062174,1.084,1
2016-10-31,2016 Q3,2016-09-01,0.4272246641238158,-0.4732,0.9004246641238158,FALSE,3,13,2016 Q4,2016-12-01,0.4534710675561169,1.084,1
2016-11-07,2016 Q3,2016-09-01,0.45205387413282955,-0.4732,0.9252538741328296,FALSE,3,13,2016 Q4,2016-12-01,0.5159743870576879,1.084,1
2016-11-14,2016 Q3,2016-09-01,0.45207519807994595,-0.4732,0.925275198079946,FALSE,3,13,2016 Q4,2016-12-01,0.5135423975815149,1.084,1
2016-11-21,2016 Q3,2016-09-01,0.45261356165032607,-0.4732,0.925813561650326,FALSE,3,13,2016 Q4,2016-12-01,0.6720161505323601,1.084,2
2016-11-28,2016 Q3,2016-09-01,0.45261356165032607,-0.4732,0.925813561650326,FALSE,3,13,2016 Q4,2016-12-01,0.6720161505323601,1.084,2
2016-12-05,2016 Q4,2016-12-01,0.8056555606532354,1.084,-0.27834443934676467,TRUE,2,14,NA,NA,NA,NA,NA
2016-12-12,2016 Q4,2016-12-01,0.8000948731985373,1.084,-0.28390512680146274,TRUE,2,14,NA,NA,NA,NA,NA
2016-12-19,2016 Q4,2016-12-01,0.9946239921988932,1.084,-0.08937600780110688,TRUE,3,14,NA,NA,NA,NA,NA
2016-12-26,2016 Q4,2016-12-01,0.9946239921988932,1.084,-0.08937600780110688,TRUE,3,14,NA,NA,NA,NA,NA
2017-01-02,2016 Q4,2016-12-01,0.993481725166644,1.084,-0.09051827483335606,TRUE,3,14,NA,NA,NA,NA,NA
2017-01-09,2016 Q4,2016-12-01,0.9964590312164355,1.084,-0.08754096878356454,TRUE,3,14,NA,NA,NA,NA,NA
2017-01-16,2016 Q4,2016-12-01,0.9159463607836268,1.084,-0.16805363921637329,TRUE,3,14,2017 Q1,2017-03-01,0.918681243275354,0.2649,1
2017-01-23,2016 Q4,2016-12-01,0.9159463607836268,1.084,-0.16805363921637329,TRUE,3,14,2017 Q1,2017-03-01,0.918681243275354,0.2649,1
2017-01-30,2016 Q4,2016-12-01,0.915136094575715,1.084,-0.1688639054242851,TRUE,3,14,2017 Q1,2017-03-01,0.9182931263464046,0.2649,1
2017-02-06,2016 Q4,2016-12-01,0.9166976942011529,1.084,-0.1673023057988472,TRUE,3,14,2017 Q1,2017-03-01,0.9162531547678262,0.2649,1
2017-02-13,2016 Q4,2016-12-01,0.9166627514494301,1.084,-0.16733724855056997,TRUE,3,14,2017 Q1,2017-03-01,0.935304266865711,0.2649,2
2017-02-20,2016 Q4,2016-12-01,0.9189097912693739,1.084,-0.1650902087306262,TRUE,3,14,2017 Q1,2017-03-01,0.695710733242366,0.2649,2
2017-02-27,2016 Q4,2016-12-01,0.9189097912693739,1.084,-0.1650902087306262,TRUE,3,14,2017 Q1,2017-03-01,0.695710733242366,0.2649,2
2017-03-06,2017 Q1,2017-03-01,0.6898070100906826,0.2649,0.42490701009068255,TRUE,2,15,NA,NA,NA,NA,NA
2017-03-13,2017 Q1,2017-03-01,0.6984644738757877,0.2649,0.43356447387578767,TRUE,2,15,NA,NA,NA,NA,NA
2017-03-20,2017 Q1,2017-03-01,0.40396006272735613,0.2649,0.1390600627273561,TRUE,3,15,NA,NA,NA,NA,NA
2017-03-27,2017 Q1,2017-03-01,0.40396006272735613,0.2649,0.1390600627273561,TRUE,3,15,NA,NA,NA,NA,NA
2017-04-03,2017 Q1,2017-03-01,0.4028621267241739,0.2649,0.13796212672417385,TRUE,3,15,NA,NA,NA,NA,NA
2017-04-10,2017 Q1,2017-03-01,0.31381608515805887,0.2649,0.04891608515805884,TRUE,3,15,NA,NA,NA,NA,NA
2017-04-17,2017 Q1,2017-03-01,0.6980602899173893,0.2649,0.4331602899173893,TRUE,3,15,2017 Q2,2017-06-01,0.5974836311774863,0.8241,1
2017-04-24,2017 Q1,2017-03-01,0.6980602899173893,0.2649,0.4331602899173893,TRUE,3,15,2017 Q2,2017-06-01,0.5974836311774863,0.8241,1
2017-05-01,2017 Q1,2017-03-01,0.6941855862121192,0.2649,0.4292855862121192,TRUE,3,15,2017 Q2,2017-06-01,0.5958225777981776,0.8241,1
2017-05-08,2017 Q1,2017-03-01,0.6256121079287096,0.2649,0.36071210792870956,TRUE,3,15,2017 Q2,2017-06-01,0.9954506111709486,0.8241,1
2017-05-15,2017 Q1,2017-03-01,0.6405604376501394,0.2649,0.37566043765013934,TRUE,3,15,2017 Q2,2017-06-01,0.9462940521903584,0.8241,1
2017-05-22,2017 Q1,2017-03-01,0.6377019511777325,0.2649,0.3728019511777325,TRUE,3,15,2017 Q2,2017-06-01,1.0280542639987724,0.8241,2
2017-05-29,2017 Q1,2017-03-01,0.6377019511777325,0.2649,0.3728019511777325,TRUE,3,15,2017 Q2,2017-06-01,1.0280542639987724,0.8241,2
2017-06-05,2017 Q2,2017-06-01,0.9597338649757808,0.8241,0.13563386497578078,TRUE,2,15,NA,NA,NA,NA,NA
2017-06-12,2017 Q2,2017-06-01,0.9649817041415178,0.8241,0.1408817041415178,TRUE,2,15,NA,NA,NA,NA,NA
2017-06-19,2017 Q2,2017-06-01,0.9634211683662955,0.8241,0.1393211683662955,TRUE,3,15,NA,NA,NA,NA,NA
2017-06-26,2017 Q2,2017-06-01,0.9634211683662955,0.8241,0.1393211683662955,TRUE,3,15,NA,NA,NA,NA,NA
2017-07-03,2017 Q2,2017-06-01,0.8981334016871882,0.8241,0.0740334016871882,TRUE,3,15,NA,NA,NA,NA,NA
2017-07-10,2017 Q2,2017-06-01,0.8860667235809824,0.8241,0.06196672358098232,TRUE,3,15,NA,NA,NA,NA,NA
2017-07-17,2017 Q2,2017-06-01,1.0682009359016509,0.8241,0.24410093590165083,TRUE,3,15,2017 Q3,2017-09-01,0.9830072982495858,0.5963,1
2017-07-24,2017 Q2,2017-06-01,1.0682009359016509,0.8241,0.24410093590165083,TRUE,3,15,2017 Q3,2017-09-01,0.9830072982495858,0.5963,1
2017-07-31,2017 Q2,2017-06-01,1.0786456357477914,0.8241,0.2545456357477913,TRUE,3,15,2017 Q3,2017-09-01,0.9903401311944399,0.5963,1
2017-08-07,2017 Q2,2017-06-01,1.0809708843851047,0.8241,0.25687088438510464,TRUE,3,15,2017 Q3,2017-09-01,0.9898801797778078,0.5963,1
2017-08-14,2017 Q2,2017-06-01,0.9324300192162857,0.8241,0.1083300192162856,TRUE,3,15,2017 Q3,2017-09-01,0.8377300802581521,0.5963,1
2017-08-21,2017 Q2,2017-06-01,1.0819095646353205,0.8241,0.25780956463532045,TRUE,3,15,2017 Q3,2017-09-01,0.7536430907187799,0.5963,2
2017-08-28,2017 Q2,2017-06-01,1.0819095646353205,0.8241,0.25780956463532045,TRUE,3,15,2017 Q3,2017-09-01,0.7536430907187799,0.5963,2
2017-09-04,2017 Q3,2017-09-01,0.6035132586483635,0.5963,0.007213258648363419,TRUE,2,15,NA,NA,NA,NA,NA
2017-09-11,2017 Q3,2017-09-01,0.603855970828508,0.5963,0.007555970828507896,TRUE,2,15,NA,NA,NA,NA,NA
2017-09-18,2017 Q3,2017-09-01,0.5424750100177812,0.5963,-0.05382498998221885,TRUE,3,15,NA,NA,NA,NA,NA
2017-09-25,2017 Q3,2017-09-01,0.5424750100177812,0.5963,-0.05382498998221885,TRUE,3,15,NA,NA,NA,NA,NA
2017-10-02,2017 Q3,2017-09-01,0.5070405356390095,0.5963,-0.08925946436099053,TRUE,3,15,NA,NA,NA,NA,NA
2017-10-09,2017 Q3,2017-09-01,0.5181633615339029,0.5963,-0.0781366384660972,TRUE,3,15,NA,NA,NA,NA,NA
2017-10-16,2017 Q3,2017-09-01,0.599272343645785,0.5963,0.002972343645784914,TRUE,3,15,2017 Q4,2017-12-01,0.7425843998102689,0.3649,1
2017-10-23,2017 Q3,2017-09-01,0.599272343645785,0.5963,0.002972343645784914,TRUE,3,15,2017 Q4,2017-12-01,0.7425843998102689,0.3649,1
2017-10-30,2017 Q3,2017-09-01,0.5572091134588686,0.5963,-0.039090886541131464,TRUE,3,15,2017 Q4,2017-12-01,0.6932675250970931,0.3649,1
2017-11-06,2017 Q3,2017-09-01,0.5566943347704877,0.5963,-0.039605665229512366,TRUE,3,15,2017 Q4,2017-12-01,0.6914762802721011,0.3649,1
2017-11-13,2017 Q3,2017-09-01,0.5567160934552396,0.5963,-0.039583906544760405,TRUE,3,15,2017 Q4,2017-12-01,0.6965149121362118,0.3649,1
2017-11-20,2017 Q3,2017-09-01,0.5555001526708149,0.5963,-0.04079984732918518,TRUE,3,15,2017 Q4,2017-12-01,0.7343253672400678,0.3649,2
2017-11-27,2017 Q3,2017-09-01,0.5555001526708149,0.5963,-0.04079984732918518,TRUE,3,15,2017 Q4,2017-12-01,0.7343253672400678,0.3649,2
2017-12-04,2017 Q4,2017-12-01,0.6958043938932382,0.3649,0.3309043938932382,TRUE,2,15,NA,NA,NA,NA,NA
2017-12-11,2017 Q4,2017-12-01,0.6979600173951082,0.3649,0.33306001739510815,TRUE,2,15,NA,NA,NA,NA,NA
2017-12-18,2017 Q4,2017-12-01,0.7835514432814645,0.3649,0.41865144328146453,TRUE,3,15,NA,NA,NA,NA,NA
2017-12-25,2017 Q4,2017-12-01,0.7835514432814645,0.3649,0.41865144328146453,TRUE,3,15,NA,NA,NA,NA,NA
2018-01-01,2017 Q4,2017-12-01,0.7472123588118459,0.3649,0.3823123588118459,TRUE,3,15,NA,NA,NA,NA,NA
2018-01-08,2017 Q4,2017-12-01,0.7483448696905187,0.3649,0.3834448696905187,TRUE,3,15,NA,NA,NA,NA,NA
2018-01-15,2017 Q4,2017-12-01,0.6982035063268096,0.3649,0.3333035063268096,TRUE,3,15,NA,NA,NA,NA,NA
2018-01-22,2017 Q4,2017-12-01,0.6984826102350303,0.3649,0.33358261023503033,TRUE,3,15,2018 Q1,2018-03-01,0.6380128033790123,1.0305,1
2018-01-29,2017 Q4,2017-12-01,0.6984826102350303,0.3649,0.33358261023503033,TRUE,3,15,2018 Q1,2018-03-01,0.6380128033790123,1.0305,1
2018-02-05,2017 Q4,2017-12-01,0.6328583413219455,0.3649,0.2679583413219455,TRUE,3,15,2018 Q1,2018-03-01,0.5601016534557631,1.0305,1
2018-02-12,2017 Q4,2017-12-01,0.6329599495447167,0.3649,0.2680599495447167,TRUE,3,15,2018 Q1,2018-03-01,0.5758778915128966,1.0305,1
2018-02-19,2017 Q4,2017-12-01,0.6350083958796129,0.3649,0.2701083958796129,TRUE,3,15,2018 Q1,2018-03-01,0.44307656355451797,1.0305,2
2018-02-26,2017 Q4,2017-12-01,0.6350083958796129,0.3649,0.2701083958796129,TRUE,3,15,2018 Q1,2018-03-01,0.44307656355451797,1.0305,2
2018-03-05,2018 Q1,2018-03-01,0.4235909936548039,1.0305,-0.6069090063451961,TRUE,2,15,NA,NA,NA,NA,NA
2018-03-12,2018 Q1,2018-03-01,0.4275858398870675,1.0305,-0.6029141601129324,TRUE,2,15,NA,NA,NA,NA,NA
2018-03-19,2018 Q1,2018-03-01,0.5972602423186347,1.0305,-0.43323975768136525,TRUE,3,15,NA,NA,NA,NA,NA
2018-03-26,2018 Q1,2018-03-01,0.5972602423186347,1.0305,-0.43323975768136525,TRUE,3,15,NA,NA,NA,NA,NA
2018-04-02,2018 Q1,2018-03-01,0.5927860011760147,1.0305,-0.4377139988239853,TRUE,3,15,NA,NA,NA,NA,NA
2018-04-09,2018 Q1,2018-03-01,0.5990524863625626,1.0305,-0.4314475136374374,TRUE,3,15,NA,NA,NA,NA,NA
2018-04-16,2018 Q1,2018-03-01,0.49447424063294276,1.0305,-0.5360257593670572,TRUE,3,15,2018 Q2,2018-06-01,0.48003897177795524,0.8634,1
2018-04-23,2018 Q1,2018-03-01,0.49447424063294276,1.0305,-0.5360257593670572,TRUE,3,15,2018 Q2,2018-06-01,0.48003897177795524,0.8634,1
2018-04-30,2018 Q1,2018-03-01,0.4827247504504735,1.0305,-0.5477752495495265,TRUE,3,15,2018 Q2,2018-06-01,0.4722453430087259,0.8634,1
2018-05-07,2018 Q1,2018-03-01,0.4795431191827547,1.0305,-0.5509568808172453,TRUE,3,15,2018 Q2,2018-06-01,0.4734609872679905,0.8634,1
2018-05-14,2018 Q1,2018-03-01,0.4796787506041411,1.0305,-0.5508212493958589,TRUE,3,15,2018 Q2,2018-06-01,0.49250789437748904,0.8634,1
2018-05-21,2018 Q1,2018-03-01,0.4769540826094996,1.0305,-0.5535459173905004,TRUE,3,15,2018 Q2,2018-06-01,0.6571006927848823,0.8634,2
2018-05-28,2018 Q1,2018-03-01,0.4769540826094996,1.0305,-0.5535459173905004,TRUE,3,15,2018 Q2,2018-06-01,0.6571006927848823,0.8634,2
2018-06-04,2018 Q2,2018-06-01,0.6913356679854943,0.8634,-0.17206433201450566,TRUE,2,16,NA,NA,NA,NA,NA
2018-06-11,2018 Q2,2018-06-01,0.7190152348402821,0.8634,-0.14438476515971788,TRUE,2,16,NA,NA,NA,NA,NA
2018-06-18,2018 Q2,2018-06-01,0.7284645468410309,0.8634,-0.13493545315896904,TRUE,3,16,NA,NA,NA,NA,NA
2018-06-25,2018 Q2,2018-06-01,0.7284645468410309,0.8634,-0.13493545315896904,TRUE,3,16,NA,NA,NA,NA,NA
2018-07-02,2018 Q2,2018-06-01,0.7382546055713743,0.8634,-0.1251453944286256,TRUE,3,16,NA,NA,NA,NA,NA
2018-07-09,2018 Q2,2018-06-01,0.7260326585485266,0.8634,-0.13736734145147333,TRUE,3,16,NA,NA,NA,NA,NA
2018-07-16,2018 Q2,2018-06-01,0.7309488558681125,0.8634,-0.1324511441318874,TRUE,3,16,2018 Q3,2018-09-01,0.8096290371916911,0.253,1
2018-07-23,2018 Q2,2018-06-01,0.7309488558681125,0.8634,-0.1324511441318874,TRUE,3,16,2018 Q3,2018-09-01,0.8096290371916911,0.253,1
2018-07-30,2018 Q2,2018-06-01,0.7134246879639544,0.8634,-0.14997531203604553,TRUE,3,16,2018 Q3,2018-09-01,0.7972956340372037,0.253,1
2018-08-06,2018 Q2,2018-06-01,0.7131841473901558,0.8634,-0.15021585260984416,TRUE,3,16,2018 Q3,2018-09-01,0.7991245736273046,0.253,1
2018-08-13,2018 Q2,2018-06-01,0.7136578727525442,0.8634,-0.14974212724745573,TRUE,3,16,2018 Q3,2018-09-01,0.844953698702057,0.253,1
2018-08-20,2018 Q2,2018-06-01,0.7132332824658417,0.8634,-0.15016671753415822,TRUE,3,16,2018 Q3,2018-09-01,0.982572103603346,0.253,2
2018-08-27,2018 Q2,2018-06-01,0.7132332824658417,0.8634,-0.15016671753415822,TRUE,3,16,2018 Q3,2018-09-01,0.982572103603346,0.253,2
2018-09-03,2018 Q3,2018-09-01,0.9332356222326524,0.253,0.6802356222326524,TRUE,2,17,NA,NA,NA,NA,NA
2018-09-10,2018 Q3,2018-09-01,0.9667952299714823,0.253,0.7137952299714823,TRUE,2,17,NA,NA,NA,NA,NA
2018-09-17,2018 Q3,2018-09-01,1.1472803651838608,0.253,0.8942803651838608,TRUE,3,17,NA,NA,NA,NA,NA
2018-09-24,2018 Q3,2018-09-01,1.1472803651838608,0.253,0.8942803651838608,TRUE,3,17,NA,NA,NA,NA,NA
2018-10-01,2018 Q3,2018-09-01,1.11240805654192,0.253,0.8594080565419201,TRUE,3,17,NA,NA,NA,NA,NA
2018-10-08,2018 Q3,2018-09-01,1.1111413717447465,0.253,0.8581413717447465,TRUE,3,17,NA,NA,NA,NA,NA
2018-10-15,2018 Q3,2018-09-01,1.115117735472686,0.253,0.862117735472686,TRUE,3,17,NA,NA,NA,NA,NA
2018-10-22,2018 Q3,2018-09-01,1.114216446409126,0.253,0.861216446409126,TRUE,3,17,2018 Q4,2018-12-01,0.8161614057877943,0.1775,1
2018-10-29,2018 Q3,2018-09-01,1.114216446409126,0.253,0.861216446409126,TRUE,3,17,2018 Q4,2018-12-01,0.8161614057877943,0.1775,1
2018-11-05,2018 Q3,2018-09-01,1.0699328200094405,0.253,0.8169328200094405,TRUE,3,17,2018 Q4,2018-12-01,0.7788005151654344,0.1775,1
2018-11-12,2018 Q3,2018-09-01,1.0701248620454384,0.253,0.8171248620454384,TRUE,3,17,2018 Q4,2018-12-01,0.7887694427424107,0.1775,1
2018-11-19,2018 Q3,2018-09-01,1.0689470537980064,0.253,0.8159470537980064,TRUE,3,17,2018 Q4,2018-12-01,0.7926868725035654,0.1775,2
2018-11-26,2018 Q3,2018-09-01,1.0689470537980064,0.253,0.8159470537980064,TRUE,3,17,2018 Q4,2018-12-01,0.7926868725035654,0.1775,2
2018-12-03,2018 Q4,2018-12-01,0.7562819450194963,0.1775,0.5787819450194963,TRUE,2,16,NA,NA,NA,NA,NA
2018-12-10,2018 Q4,2018-12-01,0.7576213295423688,0.1775,0.5801213295423688,TRUE,2,16,NA,NA,NA,NA,NA
2018-12-17,2018 Q4,2018-12-01,0.49014669290017837,0.1775,0.3126466929001784,TRUE,3,16,NA,NA,NA,NA,NA
2018-12-24,2018 Q4,2018-12-01,0.49014669290017837,0.1775,0.3126466929001784,TRUE,3,16,NA,NA,NA,NA,NA
2018-12-31,2018 Q4,2018-12-01,0.4798908288843154,0.1775,0.3023908288843154,TRUE,3,16,NA,NA,NA,NA,NA
2019-01-07,2018 Q4,2018-12-01,0.46264228496222426,0.1775,0.28514228496222427,TRUE,3,16,NA,NA,NA,NA,NA
2019-01-14,2018 Q4,2018-12-01,0.4598294983539339,0.1775,0.2823294983539339,TRUE,3,16,NA,NA,NA,NA,NA
2019-01-21,2018 Q4,2018-12-01,0.5805577207350536,0.1775,0.40305772073505364,TRUE,3,16,2019 Q1,2019-03-01,0.7154781625162338,0.4058,1
2019-01-28,2018 Q4,2018-12-01,0.5805577207350536,0.1775,0.40305772073505364,TRUE,3,16,2019 Q1,2019-03-01,0.7154781625162338,0.4058,1
2019-02-04,2018 Q4,2018-12-01,0.5858580153969282,0.1775,0.4083580153969282,TRUE,3,16,2019 Q1,2019-03-01,0.7204730392240883,0.4058,1
2019-02-11,2018 Q4,2018-12-01,0.5857265962290126,0.1775,0.4082265962290126,TRUE,3,16,2019 Q1,2019-03-01,0.7144193152460289,0.4058,1
2019-02-18,2018 Q4,2018-12-01,0.5766805052122955,0.1775,0.39918050521229553,TRUE,3,16,2019 Q1,2019-03-01,1.0883113294861821,0.4058,2
2019-02-25,2018 Q4,2018-12-01,0.5766805052122955,0.1775,0.39918050521229553,TRUE,3,16,2019 Q1,2019-03-01,1.0883113294861821,0.4058,2
2019-03-04,2019 Q1,2019-03-01,0.9966639746009966,0.4058,0.5908639746009967,TRUE,2,14,NA,NA,NA,NA,NA
2019-03-11,2019 Q1,2019-03-01,0.979518981282311,0.4058,0.5737189812823109,TRUE,2,14,NA,NA,NA,NA,NA
2019-03-18,2019 Q1,2019-03-01,0.9588540374752555,0.4058,0.5530540374752555,TRUE,3,14,NA,NA,NA,NA,NA
2019-03-25,2019 Q1,2019-03-01,0.9588540374752555,0.4058,0.5530540374752555,TRUE,3,14,NA,NA,NA,NA,NA
2019-04-01,2019 Q1,2019-03-01,0.8862603666840022,0.4058,0.4804603666840022,TRUE,3,14,NA,NA,NA,NA,NA
2019-04-08,2019 Q1,2019-03-01,0.8386319755469788,0.4058,0.4328319755469788,TRUE,3,14,NA,NA,NA,NA,NA
2019-04-15,2019 Q1,2019-03-01,0.8304960714008364,0.4058,0.4246960714008364,TRUE,3,14,2019 Q2,2019-06-01,0.6805116119174599,0.4814,1
2019-04-22,2019 Q1,2019-03-01,0.8304960714008364,0.4058,0.4246960714008364,TRUE,3,14,2019 Q2,2019-06-01,0.6805116119174599,0.4814,1
2019-04-29,2019 Q1,2019-03-01,0.8304960714008364,0.4058,0.4246960714008364,TRUE,3,14,2019 Q2,2019-06-01,0.6805116119174599,0.4814,1
2019-05-06,2019 Q1,2019-03-01,0.7690861713012533,0.4058,0.36328617130125335,TRUE,3,14,2019 Q2,2019-06-01,0.6149011101414069,0.4814,1
2019-05-13,2019 Q1,2019-03-01,0.7691066969637529,0.4058,0.3633066969637529,TRUE,3,14,2019 Q2,2019-06-01,0.6046553637777218,0.4814,1
2019-05-20,2019 Q1,2019-03-01,0.7730504151009647,0.4058,0.36725041510096473,TRUE,3,14,2019 Q2,2019-06-01,0.4489013152199199,0.4814,2
2019-05-27,2019 Q1,2019-03-01,0.7730504151009647,0.4058,0.36725041510096473,TRUE,3,14,2019 Q2,2019-06-01,0.4489013152199199,0.4814,2
2019-06-03,2019 Q2,2019-06-01,0.40244667090213754,0.4814,-0.07895332909786246,TRUE,2,14,NA,NA,NA,NA,NA
2019-06-10,2019 Q2,2019-06-01,0.39301191961552806,0.4814,-0.08838808038447193,TRUE,2,14,NA,NA,NA,NA,NA
2019-06-17,2019 Q2,2019-06-01,0.1724083523584237,0.4814,-0.3089916476415763,TRUE,3,14,NA,NA,NA,NA,NA
2019-06-24,2019 Q2,2019-06-01,0.1724083523584237,0.4814,-0.3089916476415763,TRUE,3,14,NA,NA,NA,NA,NA
2019-07-01,2019 Q2,2019-06-01,0.12339833161431273,0.4814,-0.35800166838568726,TRUE,3,14,NA,NA,NA,NA,NA
2019-07-08,2019 Q2,2019-06-01,0.06888581158417491,0.4814,-0.4125141884158251,TRUE,3,14,NA,NA,NA,NA,NA
2019-07-15,2019 Q2,2019-06-01,0.24222676070656307,0.4814,-0.23917323929343692,TRUE,3,14,NA,NA,NA,NA,NA
2019-07-22,2019 Q2,2019-06-01,0.27714582055181924,0.4814,-0.20425417944818075,TRUE,3,14,2019 Q3,2019-09-01,0.7240931143914117,0.439,1
2019-07-29,2019 Q2,2019-06-01,0.27714582055181924,0.4814,-0.20425417944818075,TRUE,3,14,2019 Q3,2019-09-01,0.7240931143914117,0.439,1
2019-08-05,2019 Q2,2019-06-01,0.3291315779421659,0.4814,-0.15226842205783409,TRUE,3,14,2019 Q3,2019-09-01,0.7808735605586622,0.439,1
2019-08-12,2019 Q2,2019-06-01,0.32908864623998985,0.4814,-0.15231135376001015,TRUE,3,14,2019 Q3,2019-09-01,0.7773202510236306,0.439,1
2019-08-19,2019 Q2,2019-06-01,0.33341652482782186,0.4814,-0.14798347517217814,TRUE,3,14,2019 Q3,2019-09-01,0.8892302054094735,0.439,2
2019-08-26,2019 Q2,2019-06-01,0.33341652482782186,0.4814,-0.14798347517217814,TRUE,3,14,2019 Q3,2019-09-01,0.8892302054094735,0.439,2
2019-09-02,2019 Q3,2019-09-01,0.3344068538275993,0.439,-0.10459314617240068,TRUE,2,14,NA,NA,NA,NA,NA
2019-09-09,2019 Q3,2019-09-01,0.3902562208945292,0.439,-0.048743779105470786,TRUE,2,14,NA,NA,NA,NA,NA
2019-09-16,2019 Q3,2019-09-01,0.20089163531132415,0.439,-0.23810836468867586,TRUE,3,14,NA,NA,NA,NA,NA
2019-09-23,2019 Q3,2019-09-01,0.20089163531132415,0.439,-0.23810836468867586,TRUE,3,14,NA,NA,NA,NA,NA
2019-09-30,2019 Q3,2019-09-01,0.32173582966798564,0.439,-0.11726417033201436,TRUE,3,14,NA,NA,NA,NA,NA
2019-10-07,2019 Q3,2019-09-01,0.31902290030068314,0.439,-0.11997709969931686,TRUE,3,14,NA,NA,NA,NA,NA
2019-10-14,2019 Q3,2019-09-01,0.306859504357955,0.439,-0.132140495642045,TRUE,3,14,NA,NA,NA,NA,NA
2019-10-21,2019 Q3,2019-09-01,0.3989578025299921,0.439,-0.04004219747000792,TRUE,3,14,2019 Q4,2019-12-01,0.7238898907111809,0.5265,1
2019-10-28,2019 Q3,2019-09-01,0.3989578025299921,0.439,-0.04004219747000792,TRUE,3,14,2019 Q4,2019-12-01,0.7238898907111809,0.5265,1
2019-11-04,2019 Q3,2019-09-01,0.3820151630268953,0.439,-0.05698483697310469,TRUE,3,14,2019 Q4,2019-12-01,0.6960459610700515,0.5265,1
2019-11-11,2019 Q3,2019-09-01,0.3819965969224264,0.439,-0.05700340307757362,TRUE,3,14,2019 Q4,2019-12-01,0.6888298431539303,0.5265,1
2019-11-18,2019 Q3,2019-09-01,0.3833429580617742,0.439,-0.05565704193822579,TRUE,3,14,2019 Q4,2019-12-01,0.49599742184599643,0.5265,2
2019-11-25,2019 Q3,2019-09-01,0.3833429580617742,0.439,-0.05565704193822579,TRUE,3,14,2019 Q4,2019-12-01,0.49599742184599643,0.5265,2
2019-12-02,2019 Q4,2019-12-01,0.3719511506349209,0.5265,-0.15454884936507907,TRUE,2,14,NA,NA,NA,NA,NA
2019-12-09,2019 Q4,2019-12-01,0.3879304415678382,0.5265,-0.1385695584321618,TRUE,2,14,NA,NA,NA,NA,NA
2019-12-16,2019 Q4,2019-12-01,0.49763309858857463,0.5265,-0.02886690141142534,TRUE,3,14,NA,NA,NA,NA,NA
2019-12-23,2019 Q4,2019-12-01,0.49763309858857463,0.5265,-0.02886690141142534,TRUE,3,14,NA,NA,NA,NA,NA
2019-12-30,2019 Q4,2019-12-01,0.4754229830625424,0.5265,-0.05107701693745759,TRUE,3,14,NA,NA,NA,NA,NA
2020-01-06,2019 Q4,2019-12-01,0.5061411403709384,0.5265,-0.020358859629061588,TRUE,3,14,NA,NA,NA,NA,NA
2020-01-13,2019 Q4,2019-12-01,0.4837044140358105,0.5265,-0.042795585964189475,TRUE,3,14,NA,NA,NA,NA,NA
2020-01-20,2019 Q4,2019-12-01,0.5871113050435476,0.5265,0.060611305043547614,TRUE,3,14,2020 Q1,2020-03-01,0.7764333717259709,-0.3059,1
2020-01-27,2019 Q4,2019-12-01,0.5871113050435476,0.5265,0.060611305043547614,TRUE,3,14,2020 Q1,2020-03-01,0.7764333717259709,-0.3059,1
2020-02-03,2019 Q4,2019-12-01,0.5693818586041703,0.5265,0.042881858604170375,TRUE,3,14,2020 Q1,2020-03-01,0.7260416857812977,-0.3059,1
2020-02-10,2019 Q4,2019-12-01,0.56063430997411845,0.5265,0.03413430997411848,TRUE,3,14,2020 Q1,2020-03-01,0.6754656599848431,-0.3059,1
2020-02-17,2019 Q4,2019-12-01,0.5609393107064675,0.5265,0.03443931070646755,TRUE,3,14,2020 Q1,2020-03-01,0.5754196023299524,-0.3059,2
2020-02-24,2019 Q4,2019-12-01,0.5609393107064675,0.5265,0.03443931070646755,TRUE,3,14,2020 Q1,2020-03-01,0.5754196023299524,-0.3059,2
2020-03-02,2020 Q1,2020-03-01,0.5236931784052217,-0.3059,0.8295931784052217,FALSE,2,14,NA,NA,NA,NA,NA
2020-03-09,2020 Q1,2020-03-01,0.5273505475677573,-0.3059,0.8332505475677574,FALSE,2,14,NA,NA,NA,NA,NA
2020-06-01,2020 Q2,2020-06-01,0.5066978137126014,-6.9971,7.503797813712601,FALSE,2,14,NA,NA,NA,NA,NA
2020-06-08,2020 Q2,2020-06-01,-2.551435394225016,-6.9971,4.445664605774984,TRUE,2,14,NA,NA,NA,NA,NA
2020-08-31,2020 Q3,2020-09-01,2.349924087890576,3.3281,-0.9781759121094242,TRUE,2,14,NA,NA,NA,NA,NA
2020-09-07,2020 Q3,2020-09-01,2.9337156065765235,3.3281,-0.39438439342347653,TRUE,2,14,NA,NA,NA,NA,NA
2020-09-14,2020 Q3,2020-09-01,2.218243429320873,3.3281,-1.1098565706791272,TRUE,2,14,NA,NA,NA,NA,NA
2020-11-30,2020 Q4,2020-12-01,1.6814724509939378,3.1277,-1.446227549006062,TRUE,2,14,NA,NA,NA,NA,NA
2020-12-07,2020 Q4,2020-12-01,1.7689350303096056,3.1277,-1.3587649696903943,TRUE,2,14,NA,NA,NA,NA,NA
2020-12-14,2020 Q4,2020-12-01,1.7910443799212725,3.1277,-1.3366556200787274,TRUE,2,14,NA,NA,NA,NA,NA
2021-03-01,2021 Q1,2021-03-01,1.2509835270738696,1.7868,-0.5358164729261303,TRUE,2,14,NA,NA,NA,NA,NA
2021-03-08,2021 Q1,2021-03-01,1.1265467468307666,1.7868,-0.6602532531692333,TRUE,2,14,NA,NA,NA,NA,NA
2021-03-15,2021 Q1,2021-03-01,1.2439619226740377,1.7868,-0.5428380773259622,TRUE,2,14,NA,NA,NA,NA,NA
2021-05-31,2021 Q2,2021-06-01,1.04061949826975,0.6668,0.37381949826975014,TRUE,2,14,NA,NA,NA,NA,NA
2021-06-07,2021 Q2,2021-06-01,0.8329894958208476,0.6668,0.16618949582084763,TRUE,2,14,NA,NA,NA,NA,NA
2021-06-14,2021 Q2,2021-06-01,0.9678600183814863,0.6668,0.3010600183814863,TRUE,2,14,NA,NA,NA,NA,NA
2021-08-30,2021 Q3,2021-09-01,0.2358741852413737,-1.9221,2.1579741852413736,FALSE,2,14,NA,NA,NA,NA,NA
2021-09-06,2021 Q3,2021-09-01,0.17172867425711058,-1.9221,2.0938286742571104,FALSE,2,14,NA,NA,NA,NA,NA
2021-09-13,2021 Q3,2021-09-01,0.07624915726410304,-1.9221,1.998349157264103,FALSE,2,14,NA,NA,NA,NA,NA
2021-11-29,2021 Q4,2021-12-01,0.3644123435737319,3.4268,-3.062387656426268,TRUE,2,14,NA,NA,NA,NA,NA
2021-12-06,2021 Q4,2021-12-01,0.5873950881299806,3.4268,-2.8394049118700195,TRUE,2,14,NA,NA,NA,NA,NA
2021-12-13,2021 Q4,2021-12-01,0.6957054758224405,3.4268,-2.7310945241775597,TRUE,2,14,NA,NA,NA,NA,NA
2022-03-07,2022 Q1,2022-03-01,-0.11669465932184002,0.7544,-0.8710946593218399,FALSE,2,14,NA,NA,NA,NA,NA
2022-03-14,2022 Q1,2022-03-01,-0.021308267355260663,0.7544,-0.7757082673552607,FALSE,2,14,NA,NA,NA,NA,NA
2022-03-21,2022 Q1,2022-03-01,0.8701270306347386,0.7544,0.11572703063473866,TRUE,3,14,NA,NA,NA,NA,NA
2022-03-28,2022 Q1,2022-03-01,0.8701270306347386,0.7544,0.11572703063473866,TRUE,3,14,NA,NA,NA,NA,NA
2022-04-04,2022 Q1,2022-03-01,0.9485628525701366,0.7544,0.19416285257013666,TRUE,3,14,NA,NA,NA,NA,NA
2022-04-11,2022 Q1,2022-03-01,1.0567995162486938,0.7544,0.3023995162486939,TRUE,3,14,NA,NA,NA,NA,NA
2022-04-18,2022 Q1,2022-03-01,0.9822866192748343,0.7544,0.22788661927483433,TRUE,3,14,2022 Q2,2022-06-01,0.3479406654757639,0.8929,1
2022-04-25,2022 Q1,2022-03-01,0.9822866192748343,0.7544,0.22788661927483433,TRUE,3,14,2022 Q2,2022-06-01,0.3479406654757639,0.8929,1
2022-05-02,2022 Q1,2022-03-01,0.9933487767000292,0.7544,0.23894877670002923,TRUE,3,14,2022 Q2,2022-06-01,0.3540698468824804,0.8929,1
2022-05-09,2022 Q1,2022-03-01,0.9983646893902959,0.7544,0.24396468939029592,TRUE,3,14,2022 Q2,2022-06-01,0.3584491358010003,0.8929,1
2022-05-16,2022 Q1,2022-03-01,0.9926101514710326,0.7544,0.23821015147103264,TRUE,3,14,2022 Q2,2022-06-01,0.8050997339758542,0.8929,2
2022-05-23,2022 Q1,2022-03-01,0.9926101514710326,0.7544,0.23821015147103264,TRUE,3,14,2022 Q2,2022-06-01,0.8050997339758542,0.8929,2
2022-05-30,2022 Q2,2022-06-01,0.8013198214767778,0.8929,-0.0915801785232222,TRUE,2,14,NA,NA,NA,NA,NA
2022-06-06,2022 Q2,2022-06-01,0.8677043865617762,0.8929,-0.02519561343822385,TRUE,2,14,NA,NA,NA,NA,NA
2022-06-13,2022 Q2,2022-06-01,0.8697334645743292,0.8929,-0.02316653542567082,TRUE,2,14,NA,NA,NA,NA,NA
2022-06-20,2022 Q2,2022-06-01,1.1728343148571023,0.8929,0.2799343148571023,TRUE,3,14,NA,NA,NA,NA,NA
2022-06-27,2022 Q2,2022-06-01,1.1728343148571023,0.8929,0.2799343148571023,TRUE,3,14,NA,NA,NA,NA,NA
2022-07-04,2022 Q2,2022-06-01,1.175396256729546,0.8929,0.2824962567295459,TRUE,3,14,NA,NA,NA,NA,NA
2022-07-11,2022 Q2,2022-06-01,1.16785607424099,0.8929,0.27495607424099,TRUE,3,14,NA,NA,NA,NA,NA
2022-07-18,2022 Q2,2022-06-01,1.5241577443347514,0.8929,0.6312577443347513,TRUE,3,14,2022 Q3,2022-09-01,0.6060610380536507,0.647,1
2022-07-25,2022 Q2,2022-06-01,1.5241577443347514,0.8929,0.6312577443347513,TRUE,3,14,2022 Q3,2022-09-01,0.6060610380536507,0.647,1
2022-08-01,2022 Q2,2022-06-01,1.5393749703215316,0.8929,0.6464749703215316,TRUE,3,14,2022 Q3,2022-09-01,0.624589166418119,0.647,1
2022-08-08,2022 Q2,2022-06-01,1.549713550385682,0.8929,0.656813550385682,TRUE,3,14,2022 Q3,2022-09-01,0.622706282291056,0.647,1
2022-08-15,2022 Q2,2022-06-01,1.5490674205454442,0.8929,0.6561674205454442,TRUE,3,14,2022 Q3,2022-09-01,0.6370675902194812,0.647,1
2022-08-22,2022 Q2,2022-06-01,1.5535416210938824,0.8929,0.6606416210938824,TRUE,3,14,2022 Q3,2022-09-01,0.3400319507969567,0.647,2
2022-08-29,2022 Q3,2022-09-01,0.31850370206448547,0.647,-0.32849629793551455,TRUE,2,19,NA,NA,NA,NA,NA
2022-09-05,2022 Q3,2022-09-01,0.43322989611112417,0.647,-0.21377010388887585,TRUE,2,19,NA,NA,NA,NA,NA
2022-09-12,2022 Q3,2022-09-01,0.503946231234504,0.647,-0.14305376876549603,TRUE,2,19,NA,NA,NA,NA,NA
2022-09-19,2022 Q3,2022-09-01,0.6824124784566657,0.647,0.03541247845666573,TRUE,3,19,NA,NA,NA,NA,NA
2022-09-26,2022 Q3,2022-09-01,0.6824124784566657,0.647,0.03541247845666573,TRUE,3,19,NA,NA,NA,NA,NA
2022-10-03,2022 Q3,2022-09-01,0.841127752921545,0.647,0.19412775292154494,TRUE,3,19,NA,NA,NA,NA,NA
2022-10-10,2022 Q3,2022-09-01,0.8155681207822476,0.647,0.1685681207822476,TRUE,3,19,NA,NA,NA,NA,NA
2022-10-17,2022 Q3,2022-09-01,0.6664872571428762,0.647,0.019487257142876135,TRUE,3,19,2022 Q4,2022-12-01,0.3792559614635634,0.4799,1
2022-10-24,2022 Q3,2022-09-01,0.6664872571428762,0.647,0.019487257142876135,TRUE,3,19,2022 Q4,2022-12-01,0.3792559614635634,0.4799,1
2022-10-31,2022 Q3,2022-09-01,0.6817847406815103,0.647,0.03478474068151027,TRUE,3,19,2022 Q4,2022-12-01,0.39713985076419855,0.4799,1
2022-11-07,2022 Q3,2022-09-01,0.3105081569644519,0.647,-0.33649184303554813,TRUE,3,19,2022 Q4,2022-12-01,0.32358154635693553,0.4799,1
2022-11-14,2022 Q3,2022-09-01,0.3106780721705852,0.647,-0.33632192782941484,TRUE,3,19,2022 Q4,2022-12-01,0.24147515823019924,0.4799,1
2022-11-21,2022 Q3,2022-09-01,0.3175246681327051,0.647,-0.32947533186729494,TRUE,3,19,2022 Q4,2022-12-01,0.6231086909688999,0.4799,2
2022-11-28,2022 Q3,2022-09-01,0.3175246681327051,0.647,-0.32947533186729494,TRUE,3,19,2022 Q4,2022-12-01,0.6231086909688999,0.4799,2
2022-12-05,2022 Q4,2022-12-01,0.4120755109586768,0.4799,-0.06782448904132321,TRUE,2,19,NA,NA,NA,NA,NA
2022-12-12,2022 Q4,2022-12-01,0.2984441056640211,0.4799,-0.18145589433597892,TRUE,2,19,NA,NA,NA,NA,NA
2022-12-19,2022 Q4,2022-12-01,0.5282868961059926,0.4799,0.04838689610599256,TRUE,3,19,NA,NA,NA,NA,NA
2022-12-26,2022 Q4,2022-12-01,0.5282868961059926,0.4799,0.04838689610599256,TRUE,3,19,NA,NA,NA,NA,NA
2023-01-02,2022 Q4,2022-12-01,0.38426639020893055,0.4799,-0.09563360979106944,TRUE,3,19,NA,NA,NA,NA,NA
2023-01-09,2022 Q4,2022-12-01,0.37036451191463376,0.4799,-0.10953548808536623,TRUE,3,19,NA,NA,NA,NA,NA
2023-01-16,2022 Q4,2022-12-01,0.33617320642635834,0.4799,-0.14372679357364165,TRUE,3,19,2023 Q1,2023-03-01,0.18123233724342624,0.2332,1
2023-01-23,2022 Q4,2022-12-01,0.33617320642635834,0.4799,-0.14372679357364165,TRUE,3,19,2023 Q1,2023-03-01,0.18123233724342624,0.2332,1
2023-01-30,2022 Q4,2022-12-01,0.29441287171534436,0.4799,-0.18548712828465563,TRUE,3,19,2023 Q1,2023-03-01,0.06309449336045476,0.2332,1
2023-02-06,2022 Q4,2022-12-01,0.2832147532176016,0.4799,-0.1966852467823984,TRUE,3,19,2023 Q1,2023-03-01,-0.012807454360605678,0.2332,1
2023-02-13,2022 Q4,2022-12-01,0.2845732833569296,0.4799,-0.19532671664307039,TRUE,3,19,2023 Q1,2023-03-01,-0.04735588233737432,0.2332,2
2023-02-20,2022 Q4,2022-12-01,0.2893568594350146,0.4799,-0.1905431405649854,TRUE,3,19,2023 Q1,2023-03-01,0.24922651035853652,0.2332,2
2023-02-27,2022 Q4,2022-12-01,0.2893568594350146,0.4799,-0.1905431405649854,TRUE,3,19,2023 Q1,2023-03-01,0.24922651035853652,0.2332,2
2023-03-06,2023 Q1,2023-03-01,0.14171728083157398,0.2332,-0.09148271916842601,TRUE,2,19,NA,NA,NA,NA,NA
2023-03-13,2023 Q1,2023-03-01,0.0645396563626821,0.2332,-0.1686603436373179,TRUE,2,19,NA,NA,NA,NA,NA
2023-03-20,2023 Q1,2023-03-01,0.22939123622445115,0.2332,-0.00380876377554884,TRUE,3,19,NA,NA,NA,NA,NA
2023-03-27,2023 Q1,2023-03-01,0.22939123622445115,0.2332,-0.00380876377554884,TRUE,3,19,NA,NA,NA,NA,NA
2023-04-03,2023 Q1,2023-03-01,0.10015213090853768,0.2332,-0.13304786909146232,TRUE,3,19,NA,NA,NA,NA,NA
2023-04-10,2023 Q1,2023-03-01,0.0622418724715429,0.2332,-0.1709581275284571,TRUE,3,19,NA,NA,NA,NA,NA
2023-04-17,2023 Q1,2023-03-01,0.24591629821620323,0.2332,0.012716298216203237,TRUE,3,19,2023 Q2,2023-06-01,0.5433882110513539,0.3557,1
2023-04-24,2023 Q1,2023-03-01,0.24591629821620323,0.2332,0.012716298216203237,TRUE,3,19,2023 Q2,2023-06-01,0.5433882110513539,0.3557,1
2023-05-01,2023 Q1,2023-03-01,0.22112471506453618,0.2332,-0.01207528493546381,TRUE,3,19,2023 Q2,2023-06-01,0.4968679258189124,0.3557,1
2023-05-08,2023 Q1,2023-03-01,0.21501816590327238,0.2332,-0.018181834096727606,TRUE,3,19,2023 Q2,2023-06-01,0.28351241268390914,0.3557,1
2023-05-15,2023 Q1,2023-03-01,0.20918614284153592,0.2332,-0.024013857158464075,TRUE,3,19,2023 Q2,2023-06-01,0.5138143737485774,0.3557,1
2023-05-22,2023 Q1,2023-03-01,0.21102149342405288,0.2332,-0.02217850657594711,TRUE,3,19,2023 Q2,2023-06-01,0.4162683758608042,0.3557,2
2023-05-29,2023 Q1,2023-03-01,0.21102149342405288,0.2332,-0.02217850657594711,TRUE,3,19,2023 Q2,2023-06-01,0.4162683758608042,0.3557,2
2023-06-05,2023 Q2,2023-06-01,0.4081639672479475,0.3557,0.052463967247947496,TRUE,2,19,NA,NA,NA,NA,NA
2023-06-12,2023 Q2,2023-06-01,0.29781400708766087,0.3557,-0.057885992912339146,TRUE,2,19,NA,NA,NA,NA,NA
2023-06-19,2023 Q2,2023-06-01,0.4009411664849031,0.3557,0.04524116648490306,TRUE,3,19,NA,NA,NA,NA,NA
2023-06-26,2023 Q2,2023-06-01,0.4009411664849031,0.3557,0.04524116648490306,TRUE,3,19,NA,NA,NA,NA,NA
2023-07-03,2023 Q2,2023-06-01,0.49709572617631453,0.3557,0.14139572617631452,TRUE,3,19,NA,NA,NA,NA,NA
2023-07-10,2023 Q2,2023-06-01,0.4302644168052318,0.3557,0.07456441680523179,TRUE,3,19,NA,NA,NA,NA,NA
2023-07-17,2023 Q2,2023-06-01,0.48915762993178125,0.3557,0.13345762993178123,TRUE,3,19,2023 Q3,2023-09-01,0.5658673865544936,0.212,1
2023-07-24,2023 Q2,2023-06-01,0.48915762993178125,0.3557,0.13345762993178123,TRUE,3,19,2023 Q3,2023-09-01,0.5658673865544936,0.212,1
2023-07-31,2023 Q2,2023-06-01,0.48899639533200817,0.3557,0.13329639533200816,TRUE,3,19,2023 Q3,2023-09-01,0.5654807668267579,0.212,1
2023-08-07,2023 Q2,2023-06-01,0.45084162869725986,0.3557,0.09514162869725984,TRUE,3,19,2023 Q3,2023-09-01,0.46894456380184973,0.212,1
2023-08-14,2023 Q2,2023-06-01,0.450724104034275,0.3557,0.09502410403427497,TRUE,3,19,2023 Q3,2023-09-01,0.4585220116821017,0.212,1
2023-08-21,2023 Q2,2023-06-01,0.4489500165139446,0.3557,0.0932500165139446,TRUE,3,19,2023 Q3,2023-09-01,0.307982241319866,0.212,2
2023-08-28,2023 Q2,2023-06-01,0.4489500165139446,0.3557,0.0932500165139446,TRUE,3,19,2023 Q3,2023-09-01,0.307982241319866,0.212,2
2023-09-04,2023 Q3,2023-09-01,0.1807981116832622,0.212,-0.031201888316737786,TRUE,2,19,NA,NA,NA,NA,NA
2023-09-11,2023 Q3,2023-09-01,0.1923873598200616,0.212,-0.019612640179938384,TRUE,2,19,NA,NA,NA,NA,NA
2023-09-18,2023 Q3,2023-09-01,0.2533322445763563,0.212,0.041332244576356286,TRUE,3,19,NA,NA,NA,NA,NA
2023-09-25,2023 Q3,2023-09-01,0.2533322445763563,0.212,0.041332244576356286,TRUE,3,19,NA,NA,NA,NA,NA
2023-10-02,2023 Q3,2023-09-01,0.19194160696966092,0.212,-0.020058393030339072,TRUE,3,19,NA,NA,NA,NA,NA
2023-10-09,2023 Q3,2023-09-01,0.20717034204688137,0.212,-0.004829657953118627,TRUE,3,19,NA,NA,NA,NA,NA
2023-10-16,2023 Q3,2023-09-01,0.24530289287055007,0.212,0.03330289287055008,TRUE,3,19,2023 Q4,2023-12-01,0.5022656157343729,0.2395,1
2023-10-23,2023 Q3,2023-09-01,0.24530289287055007,0.212,0.03330289287055008,TRUE,3,19,2023 Q4,2023-12-01,0.5022656157343729,0.2395,1
2023-10-30,2023 Q3,2023-09-01,0.2594228878363316,0.212,0.04742288783633161,TRUE,3,19,2023 Q4,2023-12-01,0.5174847223094201,0.2395,1
2023-11-06,2023 Q3,2023-09-01,0.2595793488758871,0.212,0.04757934887588708,TRUE,3,19,2023 Q4,2023-12-01,0.5631352044739156,0.2395,1
2023-11-13,2023 Q3,2023-09-01,0.25986428468711453,0.212,0.04786428468711454,TRUE,3,19,2023 Q4,2023-12-01,0.4571904634659307,0.2395,1
2023-11-20,2023 Q3,2023-09-01,0.2605459168373337,0.212,0.0485459168373337,TRUE,3,19,2023 Q4,2023-12-01,0.53447614858964,0.2395,2
2023-11-27,2023 Q3,2023-09-01,0.2605459168373337,0.212,0.0485459168373337,TRUE,3,19,2023 Q4,2023-12-01,0.53447614858964,0.2395,2
2023-12-04,2023 Q4,2023-12-01,0.4905853295021122,0.2395,0.2510853295021122,TRUE,2,17,NA,NA,NA,NA,NA
2023-12-11,2023 Q4,2023-12-01,0.3260293938437683,0.2395,0.08652939384376829,TRUE,2,17,NA,NA,NA,NA,NA
2023-12-18,2023 Q4,2023-12-01,0.4477471109232635,0.2395,0.20824711092326353,TRUE,3,17,NA,NA,NA,NA,NA
2023-12-25,2023 Q4,2023-12-01,0.4477471109232635,0.2395,0.20824711092326353,TRUE,3,17,NA,NA,NA,NA,NA
2024-01-01,2023 Q4,2023-12-01,0.4576160895970656,0.2395,0.21811608959706563,TRUE,3,17,NA,NA,NA,NA,NA
2024-01-08,2023 Q4,2023-12-01,0.4106135203977955,0.2395,0.17111352039779548,TRUE,3,17,NA,NA,NA,NA,NA
2024-01-15,2023 Q4,2023-12-01,0.25945412395465384,0.2395,0.019954123954653846,TRUE,3,17,NA,NA,NA,NA,NA
2024-01-22,2023 Q4,2023-12-01,0.2599598518057612,0.2395,0.02045985180576121,TRUE,3,17,2024 Q1,2024-03-01,0.16534857205590864,0.1275,1
2024-01-29,2023 Q4,2023-12-01,0.2599598518057612,0.2395,0.02045985180576121,TRUE,3,17,2024 Q1,2024-03-01,0.16534857205590864,0.1275,1
2024-02-05,2023 Q4,2023-12-01,0.25414307442337186,0.2395,0.014643074423371871,TRUE,3,17,2024 Q1,2024-03-01,0.03405943528658738,0.1275,1
2024-02-12,2023 Q4,2023-12-01,0.2540208981479599,0.2395,0.014520898147959926,TRUE,3,17,2024 Q1,2024-03-01,0.03772795669673064,0.1275,1
2024-02-19,2023 Q4,2023-12-01,0.2533471011716953,0.2395,0.013847101171695297,TRUE,3,17,2024 Q1,2024-03-01,0.15280843731477994,0.1275,2
2024-02-26,2023 Q4,2023-12-01,0.2533471011716953,0.2395,0.013847101171695297,TRUE,3,17,2024 Q1,2024-03-01,0.15280843731477994,0.1275,2
2024-03-04,2024 Q1,2024-03-01,0.08534817927307416,0.1275,-0.042151820726925845,TRUE,2,17,NA,NA,NA,NA,NA
2024-03-11,2024 Q1,2024-03-01,0.10100702995689641,0.1275,-0.026492970043103595,TRUE,2,17,NA,NA,NA,NA,NA
2024-03-18,2024 Q1,2024-03-01,0.6697109662029509,0.1275,0.5422109662029508,TRUE,3,17,NA,NA,NA,NA,NA
2024-03-25,2024 Q1,2024-03-01,0.6697109662029509,0.1275,0.5422109662029508,TRUE,3,17,NA,NA,NA,NA,NA
2024-04-01,2024 Q1,2024-03-01,0.7007843667046009,0.1275,0.5732843667046008,TRUE,3,17,NA,NA,NA,NA,NA
2024-04-08,2024 Q1,2024-03-01,0.6119391783359648,0.1275,0.4844391783359648,TRUE,3,17,NA,NA,NA,NA,NA
2024-04-15,2024 Q1,2024-03-01,0.6452149815774222,0.1275,0.5177149815774222,TRUE,3,17,2024 Q2,2024-06-01,0.5234661291007076,0.2246,1
2024-04-22,2024 Q1,2024-03-01,0.6452149815774222,0.1275,0.5177149815774222,TRUE,3,17,2024 Q2,2024-06-01,0.5234661291007076,0.2246,1
2024-04-29,2024 Q1,2024-03-01,0.6452149815774222,0.1275,0.5177149815774222,TRUE,3,17,2024 Q2,2024-06-01,0.5234661291007076,0.2246,1
2024-05-06,2024 Q1,2024-03-01,0.6970749229572831,0.1275,0.5695749229572831,TRUE,3,17,2024 Q2,2024-06-01,0.5278832436335184,0.2246,1
2024-05-13,2024 Q1,2024-03-01,0.7007124557868578,0.1275,0.5732124557868579,TRUE,3,17,2024 Q2,2024-06-01,0.4912345495707265,0.2246,1
2024-05-20,2024 Q1,2024-03-01,0.7008000358965443,0.1275,0.5733000358965443,TRUE,3,17,2024 Q2,2024-06-01,0.33138166136405045,0.2246,2
2024-05-27,2024 Q1,2024-03-01,0.7008000358965443,0.1275,0.5733000358965443,TRUE,3,17,2024 Q2,2024-06-01,0.33138166136405045,0.2246,2
2024-06-03,2024 Q2,2024-06-01,0.2575930065873659,0.2246,0.0329930065873659,TRUE,2,17,NA,NA,NA,NA,NA
2024-06-10,2024 Q2,2024-06-01,0.20117995551196116,0.2246,-0.023420044488038833,TRUE,2,17,NA,NA,NA,NA,NA
2024-06-17,2024 Q2,2024-06-01,0.45598247211544013,0.2246,0.23138247211544014,TRUE,3,17,NA,NA,NA,NA,NA
2024-06-24,2024 Q2,2024-06-01,0.45598247211544013,0.2246,0.23138247211544014,TRUE,3,17,NA,NA,NA,NA,NA
2024-07-01,2024 Q2,2024-06-01,0.442047434643703,0.2246,0.217447434643703,TRUE,3,17,NA,NA,NA,NA,NA
2024-07-08,2024 Q2,2024-06-01,0.39626077404184434,0.2246,0.17166077404184435,TRUE,3,17,NA,NA,NA,NA,NA
2024-07-15,2024 Q2,2024-06-01,0.5761719930379141,0.2246,0.3515719930379141,TRUE,3,17,NA,NA,NA,NA,NA
2024-07-22,2024 Q2,2024-06-01,0.5762454204401553,0.2246,0.35164542044015523,TRUE,3,17,2024 Q3,2024-09-01,0.8425097033785699,0.3337,1
2024-07-29,2024 Q2,2024-06-01,0.5762454204401553,0.2246,0.35164542044015523,TRUE,3,17,2024 Q3,2024-09-01,0.8425097033785699,0.3337,1
2024-08-05,2024 Q2,2024-06-01,0.6046028452631713,0.2246,0.3800028452631713,TRUE,3,17,2024 Q3,2024-09-01,0.8015547592861946,0.3337,1
2024-08-12,2024 Q2,2024-06-01,0.60463228017242,0.2246,0.38003228017241997,TRUE,3,17,2024 Q3,2024-09-01,0.7698562767529253,0.3337,1
2024-08-19,2024 Q2,2024-06-01,0.604285465603821,0.2246,0.379685465603821,TRUE,3,17,2024 Q3,2024-09-01,0.8315872470516937,0.3337,2
2024-08-26,2024 Q2,2024-06-01,0.604285465603821,0.2246,0.379685465603821,TRUE,3,17,2024 Q3,2024-09-01,0.8315872470516937,0.3337,2
2024-09-02,2024 Q3,2024-09-01,0.6543468699745043,0.3337,0.3206468699745043,TRUE,2,17,NA,NA,NA,NA,NA
2024-09-09,2024 Q3,2024-09-01,0.6501971424702451,0.3337,0.3164971424702451,TRUE,2,17,NA,NA,NA,NA,NA
2024-09-16,2024 Q3,2024-09-01,0.6093614826461223,0.3337,0.27566148264612234,TRUE,3,17,NA,NA,NA,NA,NA
2024-09-23,2024 Q3,2024-09-01,0.6093614826461223,0.3337,0.27566148264612234,TRUE,3,17,NA,NA,NA,NA,NA
2024-09-30,2024 Q3,2024-09-01,0.6204122000048145,0.3337,0.28671220000481445,TRUE,3,17,NA,NA,NA,NA,NA
2024-10-07,2024 Q3,2024-09-01,0.5572923747557421,0.3337,0.22359237475574212,TRUE,3,17,NA,NA,NA,NA,NA
2024-10-14,2024 Q3,2024-09-01,0.524827372181785,0.3337,0.191127372181785,TRUE,3,17,NA,NA,NA,NA,NA
2024-10-21,2024 Q3,2024-09-01,0.7377785468745085,0.3337,0.4040785468745085,TRUE,3,17,2024 Q4,2024-12-01,0.798399865325629,0.5833,1
2024-10-28,2024 Q3,2024-09-01,0.7377785468745085,0.3337,0.4040785468745085,TRUE,3,17,2024 Q4,2024-12-01,0.798399865325629,0.5833,1
2024-11-04,2024 Q3,2024-09-01,0.7436553530506131,0.3337,0.40995535305061315,TRUE,3,17,2024 Q4,2024-12-01,0.7128916369271604,0.5833,1
2024-11-11,2024 Q3,2024-09-01,0.7436789875705203,0.3337,0.4099789875705203,TRUE,3,17,2024 Q4,2024-12-01,0.7410672296488692,0.5833,1
2024-11-18,2024 Q3,2024-09-01,0.7447556085570558,0.3337,0.4110556085570558,TRUE,3,17,2024 Q4,2024-12-01,0.48017047527376494,0.5833,2
2024-11-25,2024 Q3,2024-09-01,0.7447556085570558,0.3337,0.4110556085570558,TRUE,3,17,2024 Q4,2024-12-01,0.48017047527376494,0.5833,2
2024-12-02,2024 Q4,2024-12-01,0.4822430696856889,0.5833,-0.10105693031431112,TRUE,2,17,NA,NA,NA,NA,NA
2024-12-09,2024 Q4,2024-12-01,0.5116552015983007,0.5833,-0.07164479840169935,TRUE,2,17,NA,NA,NA,NA,NA
2024-12-16,2024 Q4,2024-12-01,0.7166122477291592,0.5833,0.13331224772915917,TRUE,3,17,NA,NA,NA,NA,NA
2024-12-23,2024 Q4,2024-12-01,0.7166122477291592,0.5833,0.13331224772915917,TRUE,3,17,NA,NA,NA,NA,NA
2024-12-30,2024 Q4,2024-12-01,0.7280560199904651,0.5833,0.14475601999046506,TRUE,3,17,NA,NA,NA,NA,NA
2025-01-06,2024 Q4,2024-12-01,0.6837475938224485,0.5833,0.1004475938224485,TRUE,3,17,NA,NA,NA,NA,NA
2025-01-13,2024 Q4,2024-12-01,0.6419950732574171,0.5833,0.058695073257417074,TRUE,3,17,NA,NA,NA,NA,NA
2025-01-20,2024 Q4,2024-12-01,0.6950747674493002,0.5833,0.11177476744930015,TRUE,3,17,2025 Q1,2025-03-01,0.5724649235062258,0.2111,1
2025-01-27,2024 Q4,2024-12-01,0.6950747674493002,0.5833,0.11177476744930015,TRUE,3,17,2025 Q1,2025-03-01,0.5724649235062258,0.2111,1
2025-02-03,2024 Q4,2024-12-01,0.696425502437939,0.5833,0.11312550243793895,TRUE,3,17,2025 Q1,2025-03-01,0.5086670179490907,0.2111,1
2025-02-10,2024 Q4,2024-12-01,0.697824952029966,0.5833,0.11452495202996593,TRUE,3,17,2025 Q1,2025-03-01,0.52645774632757,0.2111,1
2025-02-17,2024 Q4,2024-12-01,0.6983885396757065,0.5833,0.11508853967570642,TRUE,3,17,2025 Q1,2025-03-01,0.5116306844574323,0.2111,2
2025-02-24,2024 Q4,2024-12-01,0.6983885396757065,0.5833,0.11508853967570642,TRUE,3,17,2025 Q1,2025-03-01,0.5116306844574323,0.2111,2
2025-03-03,2025 Q1,2025-03-01,0.42214367810922293,0.2111,0.21104367810922292,TRUE,2,17,NA,NA,NA,NA,NA
2025-03-10,2025 Q1,2025-03-01,0.39122727999160084,0.2111,0.18012727999160083,TRUE,2,17,NA,NA,NA,NA,NA
2025-03-17,2025 Q1,2025-03-01,0.1814165974274548,0.2111,-0.029683402572545203,TRUE,3,17,NA,NA,NA,NA,NA
2025-03-24,2025 Q1,2025-03-01,0.1814165974274548,0.2111,-0.029683402572545203,TRUE,3,17,NA,NA,NA,NA,NA
2025-03-31,2025 Q1,2025-03-01,0.20559133657687045,0.2111,-0.005508663423129556,TRUE,3,17,NA,NA,NA,NA,NA
2025-04-07,2025 Q1,2025-03-01,0.18248911422269137,0.2111,-0.028610885777308637,TRUE,3,17,NA,NA,NA,NA,NA
2025-04-14,2025 Q1,2025-03-01,0.1456392706280913,0.2111,-0.06546072937190872,TRUE,3,17,NA,NA,NA,NA,NA
2025-04-21,2025 Q1,2025-03-01,0.21292158197155098,0.2111,0.0018215819715509673,TRUE,3,17,2025 Q2,2025-06-01,0.6457785333008376,0.601,1
2025-04-28,2025 Q1,2025-03-01,0.21292158197155098,0.2111,0.0018215819715509673,TRUE,3,17,2025 Q2,2025-06-01,0.6457785333008376,0.601,1
2025-05-05,2025 Q1,2025-03-01,0.2184360944091072,0.2111,0.00733609440910718,TRUE,3,17,2025 Q2,2025-06-01,0.5812651965261306,0.601,1
2025-05-12,2025 Q1,2025-03-01,0.21851714789479418,0.2111,0.007417147894794168,TRUE,3,17,2025 Q2,2025-06-01,0.5355528775120663,0.601,1
2025-05-19,2025 Q1,2025-03-01,0.21832259836885393,0.2111,0.007222598368853916,TRUE,3,17,2025 Q2,2025-06-01,0.8853614267995972,0.601,2
2025-05-26,2025 Q1,2025-03-01,0.21832259836885393,0.2111,0.007222598368853916,TRUE,3,17,2025 Q2,2025-06-01,0.8853614267995972,0.601,2
2025-06-02,2025 Q2,2025-06-01,0.9255576547893094,0.601,0.3245576547893094,TRUE,2,17,NA,NA,NA,NA,NA
2025-06-09,2025 Q2,2025-06-01,0.9068814999574456,0.601,0.3058814999574456,TRUE,2,17,NA,NA,NA,NA,NA
2025-06-16,2025 Q2,2025-06-01,0.9701637123565885,0.601,0.3691637123565885,TRUE,3,17,NA,NA,NA,NA,NA
2025-06-23,2025 Q2,2025-06-01,0.9701637123565885,0.601,0.3691637123565885,TRUE,3,17,NA,NA,NA,NA,NA
2025-06-30,2025 Q2,2025-06-01,0.975947813192481,0.601,0.37494781319248105,TRUE,3,17,NA,NA,NA,NA,NA
2025-07-07,2025 Q2,2025-06-01,0.9514342089278517,0.601,0.3504342089278517,TRUE,3,17,NA,NA,NA,NA,NA
2025-07-14,2025 Q2,2025-06-01,0.96399922728552,0.601,0.36299922728552003,TRUE,3,17,NA,NA,NA,NA,NA
2025-07-21,2025 Q2,2025-06-01,0.6908934403319619,0.601,0.0898934403319619,TRUE,3,17,2025 Q3,2025-09-01,0.10313025486090574,0.3913,1
2025-07-28,2025 Q2,2025-06-01,0.6908934403319619,0.601,0.0898934403319619,TRUE,3,17,2025 Q3,2025-09-01,0.10313025486090574,0.3913,1
2025-08-04,2025 Q2,2025-06-01,0.724410340553811,0.601,0.12341034055381106,TRUE,3,17,2025 Q3,2025-09-01,0.13603106251486996,0.3913,1
2025-08-11,2025 Q2,2025-06-01,0.7243340668434082,0.601,0.1233340668434082,TRUE,3,17,2025 Q3,2025-09-01,0.21676839310522997,0.3913,1
2025-08-18,2025 Q2,2025-06-01,0.7235073137597113,0.601,0.12250731375971136,TRUE,3,17,2025 Q3,2025-09-01,0.6669748787440449,0.3913,2
2025-08-25,2025 Q2,2025-06-01,0.7235073137597113,0.601,0.12250731375971136,TRUE,3,17,2025 Q3,2025-09-01,0.6669748787440449,0.3913,2
2025-09-01,2025 Q3,2025-09-01,0.664136764298642,0.3913,0.272836764298642,TRUE,2,17,NA,NA,NA,NA,NA
2025-09-08,2025 Q3,2025-09-01,0.6443870762767161,0.3913,0.2530870762767161,TRUE,2,17,NA,NA,NA,NA,NA
2025-09-15,2025 Q3,2025-09-01,0.4956897547993125,0.3913,0.1043897547993125,TRUE,3,17,NA,NA,NA,NA,NA
2025-09-22,2025 Q3,2025-09-01,0.4956897547993125,0.3913,0.1043897547993125,TRUE,3,17,NA,NA,NA,NA,NA
2025-09-29,2025 Q3,2025-09-01,0.4956897547993125,0.3913,0.1043897547993125,TRUE,3,17,NA,NA,NA,NA,NA
2025-10-06,2025 Q3,2025-09-01,0.5145132704185847,0.3913,0.12321327041858476,TRUE,3,17,NA,NA,NA,NA,NA
2025-10-13,2025 Q3,2025-09-01,0.5512543094420874,0.3913,0.15995430944208744,TRUE,3,17,NA,NA,NA,NA,NA
2025-10-20,2025 Q3,2025-09-01,0.45190906800101527,0.3913,0.06060906800101529,TRUE,3,17,2025 Q4,2025-12-01,0.5085490809876799,0.7925,1
2025-10-27,2025 Q3,2025-09-01,0.45190906800101527,0.3913,0.06060906800101529,TRUE,3,17,2025 Q4,2025-12-01,0.5085490809876799,0.7925,1
2025-11-03,2025 Q3,2025-09-01,0.4822711924151843,0.3913,0.09097119241518431,TRUE,3,17,2025 Q4,2025-12-01,0.5561681469492464,0.7925,1
2025-11-10,2025 Q3,2025-09-01,0.47834038679562263,0.3913,0.08704038679562265,TRUE,3,17,2025 Q4,2025-12-01,0.603552828415879,0.7925,1
2025-11-17,2025 Q3,2025-09-01,0.4768659728602356,0.3913,0.0855659728602356,TRUE,3,17,2025 Q4,2025-12-01,0.9611259549154259,0.7925,2
2025-11-24,2025 Q3,2025-09-01,0.4768659728602356,0.3913,0.0855659728602356,TRUE,3,17,2025 Q4,2025-12-01,0.9611259549154259,0.7925,2
2025-12-01,2025 Q4,2025-12-01,1.0316321481617934,0.7925,0.2391321481617934,TRUE,2,17,NA,NA,NA,NA,NA
2025-12-08,2025 Q4,2025-12-01,1.0636562147785695,0.7925,0.27115621477856955,TRUE,2,17,NA,NA,NA,NA,NA
2025-12-15,2025 Q4,2025-12-01,0.4699322472564547,0.7925,-0.32256775274354527,TRUE,2,17,NA,NA,NA,NA,NA
2025-12-22,2025 Q4,2025-12-01,0.3408782111783581,0.7925,-0.4516217888216419,TRUE,3,17,NA,NA,NA,NA,NA
2025-12-29,2025 Q4,2025-12-01,0.3408782111783581,0.7925,-0.4516217888216419,TRUE,3,17,NA,NA,NA,NA,NA
2026-01-05,2025 Q4,2025-12-01,0.4458093675379342,0.7925,-0.3466906324620658,TRUE,3,17,NA,NA,NA,NA,NA
2026-01-12,2025 Q4,2025-12-01,0.45526107292373214,0.7925,-0.33723892707626785,TRUE,3,17,NA,NA,NA,NA,NA
2026-01-19,2025 Q4,2025-12-01,0.7642044420626177,0.7925,-0.028295557937382254,TRUE,3,17,2026 Q1,2026-03-01,1.238676354441397,0.2743,1
2026-01-26,2025 Q4,2025-12-01,0.7642044420626177,0.7925,-0.028295557937382254,TRUE,3,17,2026 Q1,2026-03-01,1.238676354441397,0.2743,1
2026-02-02,2025 Q4,2025-12-01,0.7807401935829769,0.7925,-0.011759806417023122,TRUE,3,17,2026 Q1,2026-03-01,1.3134148272095105,0.2743,1
2026-02-09,2025 Q4,2025-12-01,0.756567471803602,0.7925,-0.03593252819639803,TRUE,3,17,2026 Q1,2026-03-01,1.2669069065362801,0.2743,1
2026-02-16,2025 Q4,2025-12-01,0.7563493480702944,0.7925,-0.03615065192970557,TRUE,3,17,2026 Q1,2026-03-01,0.9695157566829693,0.2743,2
2026-02-23,2025 Q4,2025-12-01,0.7563493480702944,0.7925,-0.03615065192970557,TRUE,3,17,2026 Q1,2026-03-01,0.9695157566829693,0.2743,2
2026-03-02,2026 Q1,2026-03-01,0.9712001731683105,0.2743,0.6969001731683105,TRUE,2,17,NA,NA,NA,NA,NA
2026-03-09,2026 Q1,2026-03-01,0.9773476618691991,0.2743,0.7030476618691991,TRUE,2,17,NA,NA,NA,NA,NA
2026-03-16,2026 Q1,2026-03-01,0.5615180521271889,0.2743,0.28721805212718887,TRUE,3,17,NA,NA,NA,NA,NA
2026-03-23,2026 Q1,2026-03-01,0.5615180521271889,0.2743,0.28721805212718887,TRUE,3,17,NA,NA,NA,NA,NA
2026-03-30,2026 Q1,2026-03-01,0.5537408905170469,0.2743,0.2794408905170469,TRUE,3,17,NA,NA,NA,NA,NA
2026-04-06,2026 Q1,2026-03-01,0.5845693190687522,0.2743,0.3102693190687522,TRUE,3,17,NA,NA,NA,NA,NA
2026-04-13,2026 Q1,2026-03-01,0.3544530975542989,0.2743,0.08015309755429889,TRUE,3,17,NA,NA,NA,NA,NA
2026-04-20,2026 Q1,2026-03-01,0.5523913117104213,0.2743,0.27809131171042134,TRUE,3,17,2026 Q2,2026-06-01,0.5148284800509154,0.4195,1
2026-04-27,2026 Q1,2026-03-01,0.5523913117104213,0.2743,0.27809131171042134,TRUE,3,17,2026 Q2,2026-06-01,0.5148284800509154,0.4195,1
2026-05-04,2026 Q1,2026-03-01,0.5944901589061654,0.2743,0.3201901589061654,TRUE,3,17,2026 Q2,2026-06-01,0.6114695350020707,0.4195,1
2026-05-11,2026 Q1,2026-03-01,0.5943020038506739,0.2743,0.3200020038506739,TRUE,3,17,2026 Q2,2026-06-01,0.23509271877270166,0.4195,1
2026-05-18,2026 Q1,2026-03-01,0.592594323181494,0.2743,0.318294323181494,TRUE,3,17,2026 Q2,2026-06-01,0.26657463217359234,0.4195,2
2026-05-25,2026 Q1,2026-03-01,0.592594323181494,0.2743,0.318294323181494,TRUE,3,17,2026 Q2,2026-06-01,0.26657463217359234,0.4195,2
2026-06-01,2026 Q2,2026-06-01,0.3409520850514811,0.4195,-0.07854791494851887,TRUE,2,17,NA,NA,NA,NA,NA
2026-06-08,2026 Q2,2026-06-01,0.34523723155770436,0.4195,-0.07426276844229562,TRUE,2,17,NA,NA,NA,NA,NA
2026-06-15,2026 Q2,2026-06-01,0.02309342720321318,0.4195,-0.3964065727967868,TRUE,3,17,NA,NA,NA,NA,NA
2026-06-22,2026 Q2,2026-06-01,0.02309342720321318,0.4195,-0.3964065727967868,TRUE,3,17,NA,NA,NA,NA,NA
2026-06-29,2026 Q2,2026-06-01,0.02309342720321318,0.4195,-0.3964065727967868,TRUE,3,17,NA,NA,NA,NA,NA
2026-07-06,2026 Q2,2026-06-01,0.09382550148406368,0.4195,-0.32567449851593633,TRUE,3,17,NA,NA,NA,NA,NA
2026-07-13,2026 Q2,2026-06-01,0.049418377562676065,0.4195,-0.3700816224373239,TRUE,3,17,NA,NA,NA,NA,NA
2026-07-20,2026 Q2,2026-06-01,0.18146829640637477,0.4195,-0.23803170359362522,TRUE,3,17,2026 Q3,2026-09-01,0.7071552042150556,NA,1
2026-07-27,2026 Q2,2026-06-01,0.18146829640637477,0.4195,-0.23803170359362522,TRUE,3,17,2026 Q3,2026-09-01,0.7071552042150556,NA,1
2026-08-03,2026 Q2,2026-06-01,0.24793901096935222,0.4195,-0.17156098903064776,TRUE,3,17,2026 Q3,2026-09-01,0.8085252940509596,NA,1
2026-08-10,2026 Q2,2026-06-01,0.25499833118218734,0.4195,-0.16450166881781264,TRUE,3,17,2026 Q3,2026-09-01,0.707316916409001,NA,1
2026-08-17,2026 Q2,2026-06-01,0.2550791686119638,0.4195,-0.1644208313880362,TRUE,3,17,2026 Q3,2026-09-01,0.6191064904273644,NA,2
2026-08-24,2026 Q2,2026-06-01,0.2550791686119638,0.4195,-0.1644208313880362,TRUE,3,17,2026 Q3,2026-09-01,0.6191064904273644,NA,2
2026-08-31,2026 Q3,2026-09-01,0.5764136946600303,NA,NA,NA,2,16,NA,NA,NA,NA,NA
2026-09-07,2026 Q3,2026-09-01,0.5764136946600303,NA,NA,NA,2,16,NA,NA,NA,NA,NA
