asof,target,target_date,horizon_months,seed,target_series,nowcast_qq,forecast_next_qq,actual_qq,first_print_qq,error_qq,error_first_print_qq,next_target,next_first_print_qq,next_months_with_data,gdp_global_loading,collapsed,collapse_floor,cols,gdp_obs,deflator_skipped,seconds
2023-01-02,2022Q4,2022-12-01,1,19,first_print,0.7278,0.6419,0.8252,0.4799,-0.0973,0.2479,2023Q1,0.2332,0,1.0047,0,0.5,517,170,cpi_monthly_live,63.0
2023-01-09,2022Q4,2022-12-01,1,19,first_print,0.6775,0.6008,0.8252,0.4799,-0.1477,0.1976,2023Q1,0.2332,0,0.9005,0,0.5,517,170,cpi_monthly_live,64.6
2023-01-16,2022Q4,2022-12-01,1,19,first_print,0.6407,0.4355,0.8252,0.4799,-0.1844,0.1608,2023Q1,0.2332,0,0.9163,0,0.5,517,170,cpi_monthly_live,64.0
2023-01-23,2022Q4,2022-12-01,1,19,first_print,0.6327,0.4414,0.8252,0.4799,-0.1924,0.1528,2023Q1,0.2332,0,0.8673,0,0.5,517,170,cpi_monthly_live,63.4
2023-01-30,2022Q4,2022-12-01,1,19,first_print,0.6661,0.5105,0.8252,0.4799,-0.1591,0.1862,2023Q1,0.2332,0,0.8985,0,0.5,517,170,cpi_monthly_live,64.5
2023-02-06,2022Q4,2022-12-01,2,19,first_print,0.6564,0.5573,0.8252,0.4799,-0.1687,0.1765,2023Q1,0.2332,1,1.013,0,0.5,518,170,cpi_monthly_live,64.7
2023-02-13,2022Q4,2022-12-01,2,19,first_print,0.6393,0.7021,0.8252,0.4799,-0.1858,0.1594,2023Q1,0.2332,1,1.122,0,0.5,518,170,cpi_monthly_live,65.4
2023-02-20,2022Q4,2022-12-01,2,19,first_print,0.6574,0.6119,0.8252,0.4799,-0.1677,0.1775,2023Q1,0.2332,1,1.0052,0,0.5,518,170,cpi_monthly_live,63.2
2023-03-13,2023Q1,2023-03-01,0,19,first_print,0.4692,0.4407,0.4779,0.2332,-0.0087,0.236,2023Q2,0.3557,0,0.9385,0,0.5,519,171,cpi_monthly_live,67.4
2023-03-20,2023Q1,2023-03-01,0,19,first_print,0.4879,0.4839,0.4779,0.2332,0.01,0.2547,2023Q2,0.3557,0,0.8697,0,0.5,519,171,cpi_monthly_live,70.2
2023-03-27,2023Q1,2023-03-01,0,19,first_print,0.5652,0.6327,0.4779,0.2332,0.0873,0.332,2023Q2,0.3557,0,0.8221,0,0.5,519,171,cpi_monthly_live,69.8
2023-04-03,2023Q1,2023-03-01,1,19,first_print,0.5985,0.6452,0.4779,0.2332,0.1206,0.3653,2023Q2,0.3557,0,0.9423,0,0.5,520,171,cpi_monthly_live,70.4
2023-04-10,2023Q1,2023-03-01,1,19,first_print,0.4157,0.3439,0.4779,0.2332,-0.0622,0.1825,2023Q2,0.3557,0,1.3188,0,0.5,520,171,cpi_monthly_live,70.1
2023-04-17,2023Q1,2023-03-01,1,19,first_print,0.5377,0.6714,0.4779,0.2332,0.0597,0.3045,2023Q2,0.3557,0,0.9464,0,0.5,520,171,cpi_monthly_live,70.1
2023-04-24,2023Q1,2023-03-01,1,19,first_print,0.5931,0.6919,0.4779,0.2332,0.1152,0.3599,2023Q2,0.3557,0,1.2689,0,0.5,520,171,cpi_monthly_live,70.0
2023-05-01,2023Q1,2023-03-01,2,19,first_print,0.546,0.5377,0.4779,0.2332,0.0681,0.3128,2023Q2,0.3557,0,1.0404,0,0.5,521,171,cpi_monthly_live,70.2
2023-05-08,2023Q1,2023-03-01,2,19,first_print,0.5572,0.486,0.4779,0.2332,0.0793,0.324,2023Q2,0.3557,1,0.9481,0,0.5,521,171,cpi_monthly_live,70.1
2023-05-15,2023Q1,2023-03-01,2,19,first_print,0.4803,0.4486,0.4779,0.2332,0.0024,0.2471,2023Q2,0.3557,1,1.0067,0,0.5,521,171,cpi_monthly_live,62.9
2023-05-22,2023Q1,2023-03-01,2,19,first_print,0.4905,0.4396,0.4779,0.2332,0.0125,0.2573,2023Q2,0.3557,1,0.9214,0,0.5,521,171,cpi_monthly_live,60.7
2023-05-29,2023Q1,2023-03-01,2,19,first_print,0.5486,0.4755,0.4779,0.2332,0.0707,0.3154,2023Q2,0.3557,1,0.9299,0,0.5,521,171,cpi_monthly_live,60.5
2023-06-05,2023Q2,2023-06-01,0,19,first_print,,,0.4551,0.3557,,,2023Q3,0.212,0,0.1731,1,0.5,522,172,cpi_monthly_live,60.3
2023-06-12,2023Q2,2023-06-01,0,19,first_print,0.4124,0.589,0.4551,0.3557,-0.0427,0.0567,2023Q3,0.212,0,0.7108,0,0.5,522,172,cpi_monthly_live,60.0
2023-06-19,2023Q2,2023-06-01,0,19,first_print,,,0.4551,0.3557,,,2023Q3,0.212,0,0.0949,1,0.5,522,172,cpi_monthly_live,60.6
2023-06-26,2023Q2,2023-06-01,0,19,first_print,0.3337,0.4118,0.4551,0.3557,-0.1214,-0.022,2023Q3,0.212,0,0.5854,0,0.5,522,172,cpi_monthly_live,61.3
2023-07-03,2023Q2,2023-06-01,1,19,first_print,0.4053,0.5303,0.4551,0.3557,-0.0498,0.0496,2023Q3,0.212,0,0.9829,0,0.5,523,172,cpi_monthly_live,60.3
2023-07-10,2023Q2,2023-06-01,1,19,first_print,0.5152,0.4125,0.4551,0.3557,0.0601,0.1595,2023Q3,0.212,0,1.0895,0,0.5,523,172,cpi_monthly_live,60.2
2023-07-17,2023Q2,2023-06-01,1,19,first_print,0.4361,0.4258,0.4551,0.3557,-0.019,0.0804,2023Q3,0.212,0,1.0078,0,0.5,523,172,cpi_monthly_live,60.6
2023-07-24,2023Q2,2023-06-01,1,19,first_print,0.5218,0.5574,0.4551,0.3557,0.0666,0.1661,2023Q3,0.212,0,0.9814,0,0.5,523,172,cpi_monthly_live,60.7
2023-07-31,2023Q2,2023-06-01,1,19,first_print,0.5036,0.5706,0.4551,0.3557,0.0485,0.1479,2023Q3,0.212,0,0.9765,0,0.5,523,172,cpi_monthly_live,60.8
2023-08-07,2023Q2,2023-06-01,2,19,first_print,0.3584,0.2945,0.4551,0.3557,-0.0968,0.0027,2023Q3,0.212,1,0.9029,0,0.5,524,172,cpi_monthly_live,61.4
2023-08-14,2023Q2,2023-06-01,2,19,first_print,0.3688,0.3238,0.4551,0.3557,-0.0863,0.0131,2023Q3,0.212,1,0.7864,0,0.5,524,172,cpi_monthly_live,60.6
2023-08-21,2023Q2,2023-06-01,2,19,first_print,0.4466,0.4582,0.4551,0.3557,-0.0085,0.0909,2023Q3,0.212,1,0.8741,0,0.5,524,172,cpi_monthly_live,54.2
2023-08-28,2023Q2,2023-06-01,2,19,first_print,0.3907,0.4278,0.4551,0.3557,-0.0644,0.035,2023Q3,0.212,1,0.8802,0,0.5,524,172,cpi_monthly_live,53.5
2023-09-04,2023Q3,2023-09-01,0,19,first_print,0.4238,0.4481,0.4032,0.212,0.0206,0.2118,2023Q4,0.2395,0,0.8402,0,0.5,525,173,cpi_monthly_live,53.8
2023-09-11,2023Q3,2023-09-01,0,19,first_print,0.5273,0.5423,0.4032,0.212,0.1241,0.3153,2023Q4,0.2395,0,0.9,0,0.5,525,173,cpi_monthly_live,53.7
2023-09-18,2023Q3,2023-09-01,0,19,first_print,0.5236,0.5892,0.4032,0.212,0.1204,0.3116,2023Q4,0.2395,0,0.8373,0,0.5,525,173,cpi_monthly_live,57.1
2023-09-25,2023Q3,2023-09-01,0,19,first_print,0.4476,0.4739,0.4032,0.212,0.0444,0.2356,2023Q4,0.2395,0,0.9086,0,0.5,525,173,cpi_monthly_live,57.1
2023-10-02,2023Q3,2023-09-01,1,19,first_print,0.4044,0.4807,0.4032,0.212,0.0011,0.1924,2023Q4,0.2395,0,0.8891,0,0.5,526,173,cpi_monthly_live,57.7
2023-10-09,2023Q3,2023-09-01,1,19,first_print,0.3256,0.2828,0.4032,0.212,-0.0776,0.1136,2023Q4,0.2395,0,0.9521,0,0.5,526,173,cpi_monthly_live,56.3
2023-10-16,2023Q3,2023-09-01,1,19,first_print,0.491,0.4599,0.4032,0.212,0.0877,0.279,2023Q4,0.2395,0,1.0317,0,0.5,526,173,cpi_monthly_live,57.3
2023-10-23,2023Q3,2023-09-01,1,19,first_print,0.5023,0.4809,0.4032,0.212,0.0991,0.2903,2023Q4,0.2395,0,1.0069,0,0.5,526,173,cpi_monthly_live,56.7
2023-10-30,2023Q3,2023-09-01,1,19,first_print,0.4411,0.5513,0.4032,0.212,0.0379,0.2291,2023Q4,0.2395,0,1.0394,0,0.5,526,173,cpi_monthly_live,57.1
2023-11-06,2023Q3,2023-09-01,2,19,first_print,0.5001,0.6118,0.4032,0.212,0.0968,0.2881,2023Q4,0.2395,1,0.8569,0,0.5,527,173,cpi_monthly_live,57.3
2023-11-13,2023Q3,2023-09-01,2,19,first_print,0.4847,0.5626,0.4032,0.212,0.0815,0.2727,2023Q4,0.2395,1,0.707,0,0.5,527,173,cpi_monthly_live,64.5
2023-11-20,2023Q3,2023-09-01,2,19,first_print,0.5325,0.6353,0.4032,0.212,0.1293,0.3205,2023Q4,0.2395,1,0.768,0,0.5,527,173,cpi_monthly_live,61.7
2023-11-27,2023Q3,2023-09-01,2,19,first_print,0.5325,0.6353,0.4032,0.212,0.1293,0.3205,2023Q4,0.2395,1,0.768,0,0.5,527,173,cpi_monthly_live,57.4
2023-12-04,2023Q4,2023-12-01,0,19,first_print,0.4059,0.4671,-0.0078,0.2395,0.4137,0.1664,2024Q1,0.1275,0,0.8742,0,0.5,528,174,cpi_monthly_live,54.7
2023-12-11,2023Q4,2023-12-01,0,19,first_print,0.3948,0.4772,-0.0078,0.2395,0.4026,0.1553,2024Q1,0.1275,0,0.9586,0,0.5,528,174,cpi_monthly_live,55.0
2023-12-18,2023Q4,2023-12-01,0,19,first_print,0.421,0.4717,-0.0078,0.2395,0.4287,0.1815,2024Q1,0.1275,0,0.8744,0,0.5,528,174,cpi_monthly_live,56.4
2023-12-25,2023Q4,2023-12-01,0,19,first_print,0.2628,0.2442,-0.0078,0.2395,0.2706,0.0233,2024Q1,0.1275,0,0.9731,0,0.5,528,174,cpi_monthly_live,56.2
2024-01-01,2023Q4,2023-12-01,1,19,first_print,0.371,0.5102,-0.0078,0.2395,0.3788,0.1315,2024Q1,0.1275,0,0.8136,0,0.5,529,174,cpi_monthly_live,62.1
2024-01-08,2023Q4,2023-12-01,1,19,first_print,0.5325,0.7311,-0.0078,0.2395,0.5403,0.293,2024Q1,0.1275,0,0.8627,0,0.5,529,174,cpi_monthly_live,56.5
2024-01-15,2023Q4,2023-12-01,1,19,first_print,0.3121,0.3517,-0.0078,0.2395,0.3199,0.0726,2024Q1,0.1275,0,0.8037,0,0.5,529,174,cpi_monthly_live,53.9
2024-01-22,2023Q4,2023-12-01,1,19,first_print,0.3597,0.5775,-0.0078,0.2395,0.3674,0.1202,2024Q1,0.1275,0,0.8831,0,0.5,529,174,cpi_monthly_live,57.2
2024-01-29,2023Q4,2023-12-01,1,19,first_print,0.3985,0.5156,-0.0078,0.2395,0.4063,0.159,2024Q1,0.1275,0,0.8694,0,0.5,529,174,cpi_monthly_live,61.7
2024-02-05,2023Q4,2023-12-01,2,19,first_print,0.4394,0.441,-0.0078,0.2395,0.4472,0.1999,2024Q1,0.1275,1,0.7711,0,0.5,530,174,cpi_monthly_live,56.5
2024-02-12,2023Q4,2023-12-01,2,19,first_print,0.3599,0.4328,-0.0078,0.2395,0.3677,0.1204,2024Q1,0.1275,1,0.9097,0,0.5,530,174,cpi_monthly_live,63.8
2024-02-19,2023Q4,2023-12-01,2,19,first_print,0.363,0.4465,-0.0078,0.2395,0.3708,0.1235,2024Q1,0.1275,1,0.9374,0,0.5,530,174,cpi_monthly_live,60.2
2024-02-26,2023Q4,2023-12-01,2,19,first_print,0.3853,0.4632,-0.0078,0.2395,0.3931,0.1458,2024Q1,0.1275,1,0.9134,0,0.5,530,174,cpi_monthly_live,54.5
2024-03-04,2024Q1,2024-03-01,0,19,first_print,0.3939,0.517,0.2443,0.1275,0.1496,0.2664,2024Q2,0.2246,0,1.3297,0,0.5,531,175,cpi_monthly_live,54.4
2024-03-11,2024Q1,2024-03-01,0,19,first_print,0.4772,0.4717,0.2443,0.1275,0.2329,0.3497,2024Q2,0.2246,0,1.157,0,0.5,531,175,cpi_monthly_live,54.2
2024-03-18,2024Q1,2024-03-01,0,19,first_print,0.4493,0.5351,0.2443,0.1275,0.205,0.3218,2024Q2,0.2246,0,1.1433,0,0.5,531,175,cpi_monthly_live,54.7
2024-03-25,2024Q1,2024-03-01,0,19,first_print,0.6411,0.6322,0.2443,0.1275,0.3967,0.5136,2024Q2,0.2246,0,1.316,0,0.5,531,175,cpi_monthly_live,55.9
2024-04-01,2024Q1,2024-03-01,1,19,first_print,0.6199,0.6451,0.2443,0.1275,0.3756,0.4924,2024Q2,0.2246,0,1.0442,0,0.5,532,175,cpi_monthly_live,54.7
2024-04-08,2024Q1,2024-03-01,1,19,first_print,0.445,0.5006,0.2443,0.1275,0.2007,0.3175,2024Q2,0.2246,0,0.9388,0,0.5,532,175,cpi_monthly_live,64.2
2024-04-15,2024Q1,2024-03-01,1,19,first_print,0.3659,0.3895,0.2443,0.1275,0.1216,0.2384,2024Q2,0.2246,0,0.6943,0,0.5,532,175,cpi_monthly_live,55.4
2024-04-22,2024Q1,2024-03-01,1,19,first_print,0.5009,0.491,0.2443,0.1275,0.2566,0.3734,2024Q2,0.2246,0,1.2243,0,0.5,532,175,cpi_monthly_live,54.4
2024-04-29,2024Q1,2024-03-01,1,19,first_print,0.4103,0.418,0.2443,0.1275,0.166,0.2828,2024Q2,0.2246,0,0.661,0,0.5,532,175,cpi_monthly_live,54.1
2024-05-06,2024Q1,2024-03-01,2,19,first_print,0.4302,0.5529,0.2443,0.1275,0.1859,0.3027,2024Q2,0.2246,1,0.8238,0,0.5,533,175,cpi_monthly_live,54.3
2024-05-13,2024Q1,2024-03-01,2,19,first_print,0.4896,0.5884,0.2443,0.1275,0.2453,0.3621,2024Q2,0.2246,1,0.8748,0,0.5,533,175,cpi_monthly_live,54.4
2024-05-20,2024Q1,2024-03-01,2,19,first_print,0.4453,0.5595,0.2443,0.1275,0.201,0.3178,2024Q2,0.2246,1,0.7778,0,0.5,533,175,cpi_monthly_live,54.4
2024-05-27,2024Q1,2024-03-01,2,19,first_print,0.4958,0.6344,0.2443,0.1275,0.2514,0.3683,2024Q2,0.2246,1,0.8362,0,0.5,533,175,cpi_monthly_live,54.5
2024-06-03,2024Q2,2024-06-01,0,19,first_print,0.4228,0.5676,0.2518,0.2246,0.171,0.1982,2024Q3,0.3337,0,0.7982,0,0.5,534,176,cpi_monthly_live,54.9
2024-06-10,2024Q2,2024-06-01,0,19,first_print,0.3444,0.3295,0.2518,0.2246,0.0926,0.1198,2024Q3,0.3337,0,0.8887,0,0.5,534,176,cpi_monthly_live,54.1
2024-06-17,2024Q2,2024-06-01,0,19,first_print,0.4062,0.4946,0.2518,0.2246,0.1544,0.1816,2024Q3,0.3337,0,0.8409,0,0.5,534,176,cpi_monthly_live,54.4
2024-06-24,2024Q2,2024-06-01,0,19,first_print,0.3819,0.468,0.2518,0.2246,0.1301,0.1573,2024Q3,0.3337,0,0.9604,0,0.5,534,176,cpi_monthly_live,54.4
2024-07-01,2024Q2,2024-06-01,1,19,first_print,0.3069,0.432,0.2518,0.2246,0.0551,0.0823,2024Q3,0.3337,0,1.0708,0,0.5,535,176,cpi_monthly_live,54.7
2024-07-08,2024Q2,2024-06-01,1,19,first_print,0.3242,0.2753,0.2518,0.2246,0.0724,0.0996,2024Q3,0.3337,0,1.2697,0,0.5,535,176,cpi_monthly_live,54.6
2024-07-15,2024Q2,2024-06-01,1,19,first_print,0.3654,0.4108,0.2518,0.2246,0.1136,0.1408,2024Q3,0.3337,0,1.1453,0,0.5,535,176,cpi_monthly_live,55.0
2024-07-22,2024Q2,2024-06-01,1,19,first_print,0.4417,0.6123,0.2518,0.2246,0.1899,0.2171,2024Q3,0.3337,0,0.9687,0,0.5,535,176,cpi_monthly_live,54.9
2024-07-29,2024Q2,2024-06-01,1,19,first_print,0.3124,0.4538,0.2518,0.2246,0.0606,0.0878,2024Q3,0.3337,0,1.0324,0,0.5,535,176,cpi_monthly_live,54.7
2024-08-05,2024Q2,2024-06-01,2,19,first_print,0.3491,0.3125,0.2518,0.2246,0.0974,0.1245,2024Q3,0.3337,1,0.9577,0,0.5,536,176,cpi_monthly_live,60.0
2024-08-12,2024Q2,2024-06-01,2,19,first_print,0.278,0.2817,0.2518,0.2246,0.0262,0.0534,2024Q3,0.3337,1,0.7879,0,0.5,536,176,cpi_monthly_live,56.8
2024-08-19,2024Q2,2024-06-01,2,19,first_print,0.3064,0.2765,0.2518,0.2246,0.0546,0.0818,2024Q3,0.3337,1,0.9042,0,0.5,536,176,cpi_monthly_live,56.4
2024-08-26,2024Q2,2024-06-01,2,19,first_print,0.4429,0.4269,0.2518,0.2246,0.1911,0.2183,2024Q3,0.3337,1,0.82,0,0.5,536,176,cpi_monthly_live,57.2
2024-09-02,2024Q2,2024-06-01,3,19,first_print,0.462,0.5549,0.2518,0.2246,0.2102,0.2374,2024Q3,0.3337,1,0.9521,0,0.5,537,176,cpi_monthly_live,57.0
2024-09-09,2024Q3,2024-09-01,0,19,first_print,0.3762,0.5278,0.3056,0.3337,0.0706,0.0425,2024Q4,0.5833,0,0.847,0,0.5,537,177,cpi_monthly_live,57.4
2024-09-16,2024Q3,2024-09-01,0,19,first_print,0.4047,0.5222,0.3056,0.3337,0.099,0.071,2024Q4,0.5833,0,0.9566,0,0.5,537,177,cpi_monthly_live,57.5
2024-09-23,2024Q3,2024-09-01,0,19,first_print,0.3331,0.3901,0.3056,0.3337,0.0275,-0.0006,2024Q4,0.5833,0,0.9271,0,0.5,537,177,cpi_monthly_live,58.4
2024-09-30,2024Q3,2024-09-01,0,19,first_print,0.3638,0.3678,0.3056,0.3337,0.0581,0.0301,2024Q4,0.5833,0,0.8275,0,0.5,537,177,cpi_monthly_live,59.8
2024-10-07,2024Q3,2024-09-01,1,19,first_print,0.3477,0.3401,0.3056,0.3337,0.042,0.014,2024Q4,0.5833,0,0.8985,0,0.5,538,177,cpi_monthly_live,62.2
2024-10-14,2024Q3,2024-09-01,1,19,first_print,0.3724,0.4031,0.3056,0.3337,0.0667,0.0387,2024Q4,0.5833,0,0.8568,0,0.5,538,177,cpi_monthly_live,61.8
2024-10-21,2024Q3,2024-09-01,1,19,first_print,0.3745,0.373,0.3056,0.3337,0.0689,0.0408,2024Q4,0.5833,0,0.8726,0,0.5,538,177,cpi_monthly_live,61.7
2024-10-28,2024Q3,2024-09-01,1,19,first_print,0.3745,0.373,0.3056,0.3337,0.0689,0.0408,2024Q4,0.5833,0,0.8726,0,0.5,538,177,cpi_monthly_live,62.2
2024-11-04,2024Q3,2024-09-01,2,19,first_print,0.3963,0.5535,0.3056,0.3337,0.0906,0.0626,2024Q4,0.5833,1,0.8985,0,0.5,539,177,,62.5
2024-11-11,2024Q3,2024-09-01,2,19,first_print,0.2715,0.381,0.3056,0.3337,-0.0341,-0.0622,2024Q4,0.5833,1,0.8586,0,0.5,539,177,,62.7
2024-11-18,2024Q3,2024-09-01,2,19,first_print,0.3738,0.4587,0.3056,0.3337,0.0681,0.0401,2024Q4,0.5833,1,0.8499,0,0.5,539,177,,60.8
2024-11-25,2024Q3,2024-09-01,2,19,first_print,0.3817,0.5526,0.3056,0.3337,0.0761,0.048,2024Q4,0.5833,1,0.9417,0,0.5,539,177,,62.9
2024-12-02,2024Q3,2024-09-01,3,19,first_print,0.3717,0.4948,0.3056,0.3337,0.0661,0.038,2024Q4,0.5833,1,0.8841,0,0.5,540,177,,63.0
2024-12-09,2024Q4,2024-12-01,0,19,first_print,0.5824,0.5662,0.4372,0.5833,0.1452,-0.0009,2025Q1,0.2111,0,0.9069,0,0.5,540,178,,63.0
2024-12-16,2024Q4,2024-12-01,0,19,first_print,0.5994,0.6263,0.4372,0.5833,0.1623,0.0161,2025Q1,0.2111,0,0.8018,0,0.5,540,178,,61.0
2024-12-23,2024Q4,2024-12-01,0,19,first_print,0.6023,0.5654,0.4372,0.5833,0.1651,0.019,2025Q1,0.2111,0,0.9215,0,0.5,540,178,,59.4
2024-12-30,2024Q4,2024-12-01,0,19,first_print,0.6015,0.5154,0.4372,0.5833,0.1644,0.0182,2025Q1,0.2111,0,0.9221,0,0.5,540,178,,61.0
2025-01-06,2024Q4,2024-12-01,1,19,first_print,0.6567,0.6944,0.4372,0.5833,0.2195,0.0734,2025Q1,0.2111,0,0.9028,0,0.5,541,178,,61.2
2025-01-13,2024Q4,2024-12-01,1,19,first_print,0.6337,0.6728,0.4372,0.5833,0.1966,0.0504,2025Q1,0.2111,0,0.941,0,0.5,541,178,,63.9
2025-01-20,2024Q4,2024-12-01,1,19,first_print,0.4942,0.4297,0.4372,0.5833,0.057,-0.0891,2025Q1,0.2111,0,0.9589,0,0.5,541,178,,58.7
2025-01-27,2024Q4,2024-12-01,1,19,first_print,0.4942,0.4297,0.4372,0.5833,0.057,-0.0891,2025Q1,0.2111,0,0.9589,0,0.5,541,178,,58.4
2025-02-03,2024Q4,2024-12-01,2,19,first_print,0.6037,0.5796,0.4372,0.5833,0.1665,0.0204,2025Q1,0.2111,0,1.1027,0,0.5,542,178,,58.8
2025-02-10,2024Q4,2024-12-01,2,19,first_print,0.5575,0.4899,0.4372,0.5833,0.1204,-0.0258,2025Q1,0.2111,1,0.9998,0,0.5,542,178,,64.4
2025-02-17,2024Q4,2024-12-01,2,19,first_print,0.6476,0.6517,0.4372,0.5833,0.2104,0.0643,2025Q1,0.2111,1,0.9445,0,0.5,542,178,,61.1
2025-02-24,2024Q4,2024-12-01,2,19,first_print,0.5619,0.5074,0.4372,0.5833,0.1248,-0.0214,2025Q1,0.2111,1,0.9979,0,0.5,542,178,,58.3
2025-03-03,2024Q4,2024-12-01,3,19,first_print,0.572,0.5095,0.4372,0.5833,0.1348,-0.0113,2025Q1,0.2111,1,0.9301,0,0.5,543,178,,59.2
2025-03-10,2025Q1,2025-03-01,0,19,first_print,0.5982,0.6612,0.2604,0.2111,0.3378,0.3871,2025Q2,0.601,0,0.9854,0,0.5,543,179,,59.5
2025-03-17,2025Q1,2025-03-01,0,19,first_print,0.5913,0.6462,0.2604,0.2111,0.331,0.3802,2025Q2,0.601,0,1.0241,0,0.5,543,179,,60.0
2025-03-24,2025Q1,2025-03-01,0,19,first_print,0.563,0.6105,0.2604,0.2111,0.3026,0.3519,2025Q2,0.601,0,0.9289,0,0.5,543,179,,58.8
2025-03-31,2025Q1,2025-03-01,0,19,first_print,0.6007,0.6443,0.2604,0.2111,0.3403,0.3896,2025Q2,0.601,0,0.96,0,0.5,543,179,,59.7
2025-04-07,2025Q1,2025-03-01,1,19,first_print,0.5422,0.5541,0.2604,0.2111,0.2819,0.3311,2025Q2,0.601,0,0.8864,0,0.5,544,179,,60.2
2025-04-14,2025Q1,2025-03-01,1,19,first_print,0.6449,0.6928,0.2604,0.2111,0.3845,0.4338,2025Q2,0.601,0,0.8003,0,0.5,544,179,,61.6
2025-04-21,2025Q1,2025-03-01,1,19,first_print,0.5662,0.6217,0.2604,0.2111,0.3058,0.3551,2025Q2,0.601,0,0.8448,0,0.5,544,179,,63.1
2025-04-28,2025Q1,2025-03-01,1,19,first_print,0.5403,0.5068,0.2604,0.2111,0.2799,0.3292,2025Q2,0.601,0,0.8108,0,0.5,544,179,,64.7
2025-05-05,2025Q1,2025-03-01,2,19,first_print,0.4898,0.3614,0.2604,0.2111,0.2294,0.2787,2025Q2,0.601,1,0.9818,0,0.5,545,179,,64.4
2025-05-12,2025Q1,2025-03-01,2,19,first_print,0.4618,0.3588,0.2604,0.2111,0.2015,0.2507,2025Q2,0.601,1,0.9664,0,0.5,545,179,,64.2
2025-05-19,2025Q1,2025-03-01,2,19,first_print,0.539,0.461,0.2604,0.2111,0.2786,0.3279,2025Q2,0.601,1,0.9119,0,0.5,545,179,,61.1
2025-05-26,2025Q1,2025-03-01,2,19,first_print,0.5281,0.4486,0.2604,0.2111,0.2677,0.317,2025Q2,0.601,1,0.7919,0,0.5,545,179,,60.2
2025-06-02,2025Q1,2025-03-01,3,19,first_print,0.5588,0.5215,0.2604,0.2111,0.2984,0.3477,2025Q2,0.601,1,0.8673,0,0.5,546,179,,59.9
2025-06-09,2025Q2,2025-06-01,0,19,first_print,0.3786,0.4326,0.9687,0.601,-0.5901,-0.2224,2025Q3,0.3913,0,0.8683,0,0.5,546,180,,60.0
2025-06-16,2025Q2,2025-06-01,0,19,first_print,0.4977,0.6985,0.9687,0.601,-0.471,-0.1033,2025Q3,0.3913,0,0.9174,0,0.5,546,180,,59.9
2025-06-23,2025Q2,2025-06-01,0,19,first_print,0.4271,0.5769,0.9687,0.601,-0.5416,-0.1739,2025Q3,0.3913,0,0.8306,0,0.5,546,180,,61.8
2025-06-30,2025Q2,2025-06-01,0,19,first_print,0.3982,0.4529,0.9687,0.601,-0.5705,-0.2028,2025Q3,0.3913,0,0.7673,0,0.5,546,180,,63.4
2025-07-07,2025Q2,2025-06-01,1,19,first_print,0.4685,0.5121,0.9687,0.601,-0.5002,-0.1325,2025Q3,0.3913,0,0.9208,0,0.5,547,180,,64.7
2025-07-14,2025Q2,2025-06-01,1,19,first_print,0.6351,0.8482,0.9687,0.601,-0.3337,0.0341,2025Q3,0.3913,0,0.8665,0,0.5,547,180,,65.4
2025-07-21,2025Q2,2025-06-01,1,19,first_print,0.4342,0.5957,0.9687,0.601,-0.5345,-0.1668,2025Q3,0.3913,0,1.0072,0,0.5,547,180,,64.7
2025-07-28,2025Q2,2025-06-01,1,19,first_print,0.4342,0.5957,0.9687,0.601,-0.5345,-0.1668,2025Q3,0.3913,0,1.0072,0,0.5,547,180,,63.4
2025-08-04,2025Q2,2025-06-01,2,19,first_print,0.421,0.5327,0.9687,0.601,-0.5477,-0.18,2025Q3,0.3913,1,0.987,0,0.5,548,180,,61.8
2025-08-11,2025Q2,2025-06-01,2,19,first_print,0.3947,0.4349,0.9687,0.601,-0.5741,-0.2063,2025Q3,0.3913,1,0.8917,0,0.5,548,180,,60.4
2025-08-18,2025Q2,2025-06-01,2,19,first_print,0.4204,0.4401,0.9687,0.601,-0.5483,-0.1806,2025Q3,0.3913,1,0.9599,0,0.5,548,180,,62.4
2025-08-25,2025Q2,2025-06-01,2,19,first_print,0.3739,0.3598,0.9687,0.601,-0.5949,-0.2271,2025Q3,0.3913,1,0.9564,0,0.5,548,180,,64.0
2025-09-01,2025Q2,2025-06-01,3,19,first_print,0.354,0.4529,0.9687,0.601,-0.6147,-0.247,2025Q3,0.3913,1,0.8381,0,0.5,549,180,,64.6
2025-09-08,2025Q3,2025-09-01,0,19,first_print,0.5697,0.5233,0.382,0.3913,0.1877,0.1784,2025Q4,0.7925,0,0.8741,0,0.5,549,181,,60.7
2025-09-15,2025Q3,2025-09-01,0,19,first_print,0.583,0.6213,0.382,0.3913,0.201,0.1917,2025Q4,0.7925,0,0.9652,0,0.5,549,181,,62.1
2025-09-22,2025Q3,2025-09-01,0,19,first_print,0.5629,0.5363,0.382,0.3913,0.181,0.1716,2025Q4,0.7925,0,1.091,0,0.5,549,181,,61.6
2025-09-29,2025Q3,2025-09-01,0,19,first_print,0.5229,0.4642,0.382,0.3913,0.141,0.1316,2025Q4,0.7925,0,0.8864,0,0.5,549,181,,66.8
2025-10-06,2025Q3,2025-09-01,1,19,first_print,0.6086,0.6879,0.382,0.3913,0.2266,0.2173,2025Q4,0.7925,0,1.0733,0,0.5,550,181,,69.9
2025-10-13,2025Q3,2025-09-01,1,19,first_print,0.6437,0.6612,0.382,0.3913,0.2617,0.2524,2025Q4,0.7925,0,0.9747,0,0.5,550,181,,70.3
2025-10-20,2025Q3,2025-09-01,1,19,first_print,0.629,0.6784,0.382,0.3913,0.2471,0.2377,2025Q4,0.7925,0,0.8416,0,0.5,550,181,,71.2
2025-10-27,2025Q3,2025-09-01,1,19,first_print,0.6111,0.6397,0.382,0.3913,0.2291,0.2198,2025Q4,0.7925,0,0.8637,0,0.5,550,181,,68.8
2025-11-03,2025Q3,2025-09-01,2,19,first_print,0.5337,0.6154,0.382,0.3913,0.1517,0.1424,2025Q4,0.7925,0,0.8752,0,0.5,551,181,,71.2
2025-11-10,2025Q3,2025-09-01,2,19,first_print,0.509,0.5049,0.382,0.3913,0.127,0.1177,2025Q4,0.7925,1,0.8166,0,0.5,551,181,,71.1
2025-11-17,2025Q3,2025-09-01,2,19,first_print,0.5373,0.6321,0.382,0.3913,0.1554,0.146,2025Q4,0.7925,1,0.9067,0,0.5,551,181,,70.1
2025-11-24,2025Q3,2025-09-01,2,19,first_print,0.5147,0.5597,0.382,0.3913,0.1327,0.1234,2025Q4,0.7925,1,0.8944,0,0.5,551,181,,66.3
2025-12-01,2025Q3,2025-09-01,3,19,first_print,0.5144,0.5477,0.382,0.3913,0.1324,0.1231,2025Q4,0.7925,1,0.9939,0,0.5,552,181,,58.0
2025-12-08,2025Q4,2025-12-01,0,19,first_print,0.6517,0.7,0.8731,0.7925,-0.2214,-0.1408,2026Q1,0.2743,0,0.997,0,0.5,552,182,,56.5
2025-12-15,2025Q4,2025-12-01,0,19,first_print,0.5579,0.5456,0.8731,0.7925,-0.3152,-0.2346,2026Q1,0.2743,0,0.9843,0,0.5,552,182,,56.1
2025-12-22,2025Q4,2025-12-01,0,19,first_print,0.5978,0.6206,0.8731,0.7925,-0.2753,-0.1947,2026Q1,0.2743,0,1.0133,0,0.5,552,182,,56.6
2025-12-29,2025Q4,2025-12-01,0,19,first_print,0.4965,0.377,0.8731,0.7925,-0.3766,-0.296,2026Q1,0.2743,0,0.9995,0,0.5,552,182,,55.8
2026-01-05,2025Q4,2025-12-01,1,19,first_print,0.6102,0.5394,0.8731,0.7925,-0.2629,-0.1823,2026Q1,0.2743,0,0.8897,0,0.5,553,182,,56.2
2026-01-12,2025Q4,2025-12-01,1,19,first_print,0.6274,0.6027,0.8731,0.7925,-0.2456,-0.1651,2026Q1,0.2743,0,0.9019,0,0.5,553,182,,55.7
2026-01-19,2025Q4,2025-12-01,1,19,first_print,0.6449,0.7397,0.8731,0.7925,-0.2282,-0.1476,2026Q1,0.2743,0,0.9158,0,0.5,553,182,,56.0
2026-01-26,2025Q4,2025-12-01,1,19,first_print,0.6593,0.8016,0.8731,0.7925,-0.2138,-0.1332,2026Q1,0.2743,0,0.915,0,0.5,553,182,,55.8
2026-02-02,2025Q4,2025-12-01,2,19,first_print,0.6022,0.594,0.8731,0.7925,-0.2709,-0.1903,2026Q1,0.2743,0,0.9441,0,0.5,554,182,,55.9
2026-02-09,2025Q4,2025-12-01,2,19,first_print,0.5894,0.6319,0.8731,0.7925,-0.2837,-0.2031,2026Q1,0.2743,1,0.9337,0,0.5,554,182,,56.2
2026-02-16,2025Q4,2025-12-01,2,19,first_print,0.6014,0.612,0.8731,0.7925,-0.2717,-0.1911,2026Q1,0.2743,1,0.9969,0,0.5,554,182,,56.2
2026-02-23,2025Q4,2025-12-01,2,19,first_print,0.6662,0.714,0.8731,0.7925,-0.2068,-0.1263,2026Q1,0.2743,1,1.0102,0,0.5,554,182,,56.3
2026-03-02,2025Q4,2025-12-01,3,19,first_print,0.6602,0.6415,0.8731,0.7925,-0.2129,-0.1323,2026Q1,0.2743,1,1.0345,0,0.5,555,182,,56.4
2026-03-09,2026Q1,2026-03-01,0,19,first_print,0.6372,0.6115,0.2743,0.2743,0.3629,0.3629,2026Q2,0.4195,0,0.9694,0,0.5,555,183,,56.0
2026-03-16,2026Q1,2026-03-01,0,19,first_print,0.5867,0.5734,0.2743,0.2743,0.3124,0.3124,2026Q2,0.4195,0,0.9669,0,0.5,555,183,,56.2
2026-03-23,2026Q1,2026-03-01,0,19,first_print,0.648,0.658,0.2743,0.2743,0.3737,0.3737,2026Q2,0.4195,0,0.9733,0,0.5,555,183,,56.1
2026-03-30,2026Q1,2026-03-01,0,19,first_print,0.648,0.658,0.2743,0.2743,0.3737,0.3737,2026Q2,0.4195,0,0.9733,0,0.5,555,183,,56.0
2026-04-06,2026Q1,2026-03-01,1,19,first_print,0.6139,0.6135,0.2743,0.2743,0.3396,0.3396,2026Q2,0.4195,0,1.0406,0,0.5,556,183,,56.0
2026-04-13,2026Q1,2026-03-01,1,19,first_print,0.5569,0.4969,0.2743,0.2743,0.2826,0.2826,2026Q2,0.4195,0,0.8711,0,0.5,556,183,,56.3
2026-04-20,2026Q1,2026-03-01,1,19,first_print,0.5687,0.538,0.2743,0.2743,0.2944,0.2944,2026Q2,0.4195,0,0.7237,0,0.5,556,183,,56.1
2026-04-27,2026Q1,2026-03-01,1,19,first_print,0.5687,0.538,0.2743,0.2743,0.2944,0.2944,2026Q2,0.4195,0,0.7237,0,0.5,556,183,,56.3
2026-05-04,2026Q1,2026-03-01,2,19,first_print,0.6464,0.6669,0.2743,0.2743,0.3721,0.3721,2026Q2,0.4195,0,1.0917,0,0.5,557,183,,56.1
2026-05-11,2026Q1,2026-03-01,2,19,first_print,0.5536,0.6001,0.2743,0.2743,0.2793,0.2793,2026Q2,0.4195,1,1.2664,0,0.5,557,183,,56.5
2026-05-18,2026Q1,2026-03-01,2,19,first_print,0.594,0.5362,0.2743,0.2743,0.3197,0.3197,2026Q2,0.4195,1,1.0269,0,0.5,557,183,,56.4
2026-05-25,2026Q1,2026-03-01,2,19,first_print,0.5636,0.5857,0.2743,0.2743,0.2893,0.2893,2026Q2,0.4195,1,1.1263,0,0.5,557,183,,56.4
2026-06-01,2026Q1,2026-03-01,3,19,first_print,0.5435,0.4629,0.2743,0.2743,0.2692,0.2692,2026Q2,0.4195,1,1.0969,0,0.5,558,183,,56.5
2026-06-08,2026Q2,2026-06-01,0,19,first_print,0.4309,0.5019,nan,0.4195,nan,0.0114,2026Q3,nan,0,0.9278,0,0.5,558,184,,56.5
2026-06-15,2026Q2,2026-06-01,0,19,first_print,0.4223,0.5487,nan,0.4195,nan,0.0028,2026Q3,nan,0,1.2519,0,0.5,558,184,,56.7
2026-06-22,2026Q2,2026-06-01,0,19,first_print,0.4602,0.5503,nan,0.4195,nan,0.0407,2026Q3,nan,0,1.2551,0,0.5,558,184,,56.5
2026-06-29,2026Q2,2026-06-01,0,19,first_print,0.4763,0.5457,nan,0.4195,nan,0.0568,2026Q3,nan,0,1.127,0,0.5,558,184,,56.9
2026-07-06,2026Q2,2026-06-01,1,19,first_print,0.4747,0.5702,nan,0.4195,nan,0.0552,2026Q3,nan,0,0.8872,0,0.5,559,184,,57.0
2026-07-13,2026Q2,2026-06-01,1,19,first_print,0.4783,0.5397,nan,0.4195,nan,0.0588,2026Q3,nan,0,0.7735,0,0.5,559,184,,56.8
2026-07-20,2026Q2,2026-06-01,1,19,first_print,0.441,0.5602,nan,0.4195,nan,0.0215,2026Q3,nan,0,0.9751,0,0.5,559,184,,57.3
2026-07-27,2026Q2,2026-06-01,1,19,first_print,0.4695,0.5404,nan,0.4195,nan,0.05,2026Q3,nan,0,0.9466,0,0.5,559,184,,57.1
2026-08-03,2026Q2,2026-06-01,2,19,first_print,0.3766,0.3867,nan,0.4195,nan,-0.0429,2026Q3,nan,0,1.0823,0,0.5,560,184,,56.8
2026-08-10,2026Q2,2026-06-01,2,19,first_print,0.3773,0.4845,nan,0.4195,nan,-0.0422,2026Q3,nan,1,1.0813,0,0.5,560,184,,58.5
2026-08-17,2026Q2,2026-06-01,2,19,first_print,0.4463,0.5405,nan,0.4195,nan,0.0268,2026Q3,nan,1,0.921,0,0.5,560,184,,60.1
2026-08-24,2026Q2,2026-06-01,2,19,first_print,0.4073,0.4991,nan,0.4195,nan,-0.0122,2026Q3,nan,1,1.0069,0,0.5,560,184,,56.2
