asof,target,target_date,horizon_months,seed,target_series,nowcast_qq,forecast_next_qq,actual_qq,first_print_qq,error_qq,error_first_print_qq,gdp_global_loading,collapsed,collapse_floor,cols,gdp_obs,deflator_skipped,seconds
2023-01-02,2022Q4,2022-12-01,1,4,first_print,0.6285,,0.8252,0.4799,-0.1967,0.1486,0.9212,0,0.5,517,170,cpi_monthly_live,103.9
2023-01-09,2022Q4,2022-12-01,1,4,first_print,0.6786,,0.8252,0.4799,-0.1466,0.1987,0.8354,0,0.5,517,170,cpi_monthly_live,66.9
2023-01-16,2022Q4,2022-12-01,1,4,first_print,0.5058,,0.8252,0.4799,-0.3193,0.0259,0.7335,0,0.5,517,170,cpi_monthly_live,59.7
2023-01-23,2022Q4,2022-12-01,1,4,first_print,0.5911,,0.8252,0.4799,-0.234,0.1112,0.6415,0,0.5,517,170,cpi_monthly_live,59.9
2023-01-30,2022Q4,2022-12-01,1,4,first_print,0.5926,,0.8252,0.4799,-0.2326,0.1127,0.7162,0,0.5,517,170,cpi_monthly_live,59.9
2023-02-06,2022Q4,2022-12-01,2,4,first_print,0.5212,,0.8252,0.4799,-0.304,0.0413,0.8937,0,0.5,518,170,cpi_monthly_live,61.1
2023-02-13,2022Q4,2022-12-01,2,4,first_print,0.4596,,0.8252,0.4799,-0.3656,-0.0203,0.6882,0,0.5,518,170,cpi_monthly_live,62.9
2023-02-20,2022Q4,2022-12-01,2,4,first_print,0.7361,,0.8252,0.4799,-0.089,0.2562,1.0707,0,0.5,518,170,cpi_monthly_live,63.4
2023-03-13,2023Q1,2023-03-01,0,4,first_print,0.5479,,0.4779,0.2332,0.07,0.3147,0.6638,0,0.5,519,171,cpi_monthly_live,64.9
2023-03-20,2023Q1,2023-03-01,0,4,first_print,0.5991,,0.4779,0.2332,0.1212,0.3659,0.7824,0,0.5,519,171,cpi_monthly_live,64.8
2023-03-27,2023Q1,2023-03-01,0,4,first_print,0.6319,,0.4779,0.2332,0.154,0.3987,0.9741,0,0.5,519,171,cpi_monthly_live,61.4
2023-04-03,2023Q1,2023-03-01,1,4,first_print,0.6058,,0.4779,0.2332,0.1279,0.3726,1.0815,0,0.5,520,171,cpi_monthly_live,64.9
2023-04-10,2023Q1,2023-03-01,1,4,first_print,0.5316,,0.4779,0.2332,0.0537,0.2984,0.9761,0,0.5,520,171,cpi_monthly_live,67.5
2023-04-17,2023Q1,2023-03-01,1,4,first_print,0.5694,,0.4779,0.2332,0.0915,0.3362,0.6433,0,0.5,520,171,cpi_monthly_live,64.6
2023-04-24,2023Q1,2023-03-01,1,4,first_print,0.5632,,0.4779,0.2332,0.0853,0.33,0.9985,0,0.5,520,171,cpi_monthly_live,70.5
2023-05-01,2023Q1,2023-03-01,2,4,first_print,0.4894,,0.4779,0.2332,0.0115,0.2562,0.9315,0,0.5,521,171,cpi_monthly_live,69.1
2023-05-08,2023Q1,2023-03-01,2,4,first_print,0.3779,,0.4779,0.2332,-0.1,0.1447,0.8255,0,0.5,521,171,cpi_monthly_live,62.8
2023-05-15,2023Q1,2023-03-01,2,4,first_print,0.4038,,0.4779,0.2332,-0.0741,0.1706,0.9008,0,0.5,521,171,cpi_monthly_live,64.2
2023-05-22,2023Q1,2023-03-01,2,4,first_print,0.4141,,0.4779,0.2332,-0.0639,0.1809,0.7446,0,0.5,521,171,cpi_monthly_live,61.1
2023-05-29,2023Q1,2023-03-01,2,4,first_print,0.4065,,0.4779,0.2332,-0.0714,0.1733,0.9978,0,0.5,521,171,cpi_monthly_live,60.8
2023-06-05,2023Q2,2023-06-01,0,4,first_print,0.5206,,0.4551,0.3557,0.0655,0.1649,0.8707,0,0.5,522,172,cpi_monthly_live,61.0
2023-06-12,2023Q2,2023-06-01,0,4,first_print,0.3519,,0.4551,0.3557,-0.1032,-0.0038,1.0009,0,0.5,522,172,cpi_monthly_live,66.7
2023-06-19,2023Q2,2023-06-01,0,4,first_print,0.3815,,0.4551,0.3557,-0.0736,0.0258,0.9805,0,0.5,522,172,cpi_monthly_live,65.4
2023-06-26,2023Q2,2023-06-01,0,4,first_print,0.4718,,0.4551,0.3557,0.0167,0.1161,0.8925,0,0.5,522,172,cpi_monthly_live,65.4
2023-07-03,2023Q2,2023-06-01,1,4,first_print,0.4214,,0.4551,0.3557,-0.0337,0.0657,0.9151,0,0.5,523,172,cpi_monthly_live,65.5
2023-07-10,2023Q2,2023-06-01,1,4,first_print,0.4122,,0.4551,0.3557,-0.0429,0.0565,0.9088,0,0.5,523,172,cpi_monthly_live,65.1
2023-07-17,2023Q2,2023-06-01,1,4,first_print,0.3498,,0.4551,0.3557,-0.1053,-0.0059,0.9703,0,0.5,523,172,cpi_monthly_live,66.4
2023-07-24,2023Q2,2023-06-01,1,4,first_print,0.4035,,0.4551,0.3557,-0.0516,0.0478,0.9426,0,0.5,523,172,cpi_monthly_live,64.8
2023-07-31,2023Q2,2023-06-01,1,4,first_print,0.3782,,0.4551,0.3557,-0.0769,0.0225,0.9603,0,0.5,523,172,cpi_monthly_live,65.3
2023-08-07,2023Q2,2023-06-01,2,4,first_print,0.4357,,0.4551,0.3557,-0.0195,0.08,0.7875,0,0.5,524,172,cpi_monthly_live,65.1
2023-08-14,2023Q2,2023-06-01,2,4,first_print,0.4077,,0.4551,0.3557,-0.0475,0.052,0.9366,0,0.5,524,172,cpi_monthly_live,66.4
2023-08-21,2023Q2,2023-06-01,2,4,first_print,0.4004,,0.4551,0.3557,-0.0547,0.0447,0.8571,0,0.5,524,172,cpi_monthly_live,66.5
2023-08-28,2023Q2,2023-06-01,2,4,first_print,0.3902,,0.4551,0.3557,-0.0649,0.0345,0.8014,0,0.5,524,172,cpi_monthly_live,62.5
2023-09-04,2023Q3,2023-09-01,0,4,first_print,0.4131,,0.4032,0.212,0.0099,0.2011,0.7851,0,0.5,525,173,cpi_monthly_live,63.7
2023-09-11,2023Q3,2023-09-01,0,4,first_print,0.3688,,0.4032,0.212,-0.0344,0.1568,0.7599,0,0.5,525,173,cpi_monthly_live,64.7
2023-09-18,2023Q3,2023-09-01,0,4,first_print,0.4217,,0.4032,0.212,0.0184,0.2097,0.7741,0,0.5,525,173,cpi_monthly_live,74.3
2023-09-25,2023Q3,2023-09-01,0,4,first_print,0.3798,,0.4032,0.212,-0.0234,0.1678,0.8381,0,0.5,525,173,cpi_monthly_live,58.2
2023-10-02,2023Q3,2023-09-01,1,4,first_print,0.413,,0.4032,0.212,0.0097,0.201,0.8069,0,0.5,526,173,cpi_monthly_live,62.5
2023-10-09,2023Q3,2023-09-01,1,4,first_print,0.4926,,0.4032,0.212,0.0894,0.2806,0.8238,0,0.5,526,173,cpi_monthly_live,80.1
2023-10-16,2023Q3,2023-09-01,1,4,first_print,0.3162,,0.4032,0.212,-0.087,0.1042,0.8393,0,0.5,526,173,cpi_monthly_live,63.9
2023-10-23,2023Q3,2023-09-01,1,4,first_print,0.4589,,0.4032,0.212,0.0557,0.2469,0.8226,0,0.5,526,173,cpi_monthly_live,93.3
2023-10-30,2023Q3,2023-09-01,1,4,first_print,0.4811,,0.4032,0.212,0.0779,0.2691,0.7801,0,0.5,526,173,cpi_monthly_live,75.6
2023-11-06,2023Q3,2023-09-01,2,4,first_print,0.4951,,0.4032,0.212,0.0918,0.2831,0.9142,0,0.5,527,173,cpi_monthly_live,58.2
2023-11-13,2023Q3,2023-09-01,2,4,first_print,0.4907,,0.4032,0.212,0.0875,0.2787,0.8408,0,0.5,527,173,cpi_monthly_live,78.3
2023-11-20,2023Q3,2023-09-01,2,4,first_print,0.514,,0.4032,0.212,0.1108,0.302,0.8091,0,0.5,527,173,cpi_monthly_live,80.0
2023-11-27,2023Q3,2023-09-01,2,4,first_print,0.514,,0.4032,0.212,0.1108,0.302,0.8091,0,0.5,527,173,cpi_monthly_live,95.5
2023-12-04,2023Q4,2023-12-01,0,4,first_print,0.2954,,-0.0078,0.2395,0.3032,0.0559,0.8462,0,0.5,528,174,cpi_monthly_live,65.3
2023-12-11,2023Q4,2023-12-01,0,4,first_print,0.2903,,-0.0078,0.2395,0.2981,0.0508,1.1453,0,0.5,528,174,cpi_monthly_live,72.6
2023-12-18,2023Q4,2023-12-01,0,4,first_print,0.328,,-0.0078,0.2395,0.3357,0.0885,1.1685,0,0.5,528,174,cpi_monthly_live,72.4
2023-12-25,2023Q4,2023-12-01,0,4,first_print,0.3781,,-0.0078,0.2395,0.3858,0.1386,1.0682,0,0.5,528,174,cpi_monthly_live,53.8
2024-01-01,2023Q4,2023-12-01,1,4,first_print,0.3479,,-0.0078,0.2395,0.3557,0.1084,0.8878,0,0.5,529,174,cpi_monthly_live,56.6
2024-01-08,2023Q4,2023-12-01,1,4,first_print,0.2974,,-0.0078,0.2395,0.3052,0.0579,0.9387,0,0.5,529,174,cpi_monthly_live,57.0
2024-01-15,2023Q4,2023-12-01,1,4,first_print,0.3894,,-0.0078,0.2395,0.3972,0.1499,0.8461,0,0.5,529,174,cpi_monthly_live,54.2
2024-01-22,2023Q4,2023-12-01,1,4,first_print,0.5743,,-0.0078,0.2395,0.5821,0.3348,0.9256,0,0.5,529,174,cpi_monthly_live,54.2
2024-01-29,2023Q4,2023-12-01,1,4,first_print,0.3193,,-0.0078,0.2395,0.3271,0.0798,0.9086,0,0.5,529,174,cpi_monthly_live,54.1
2024-02-05,2023Q4,2023-12-01,2,4,first_print,0.3405,,-0.0078,0.2395,0.3482,0.101,0.8537,0,0.5,530,174,cpi_monthly_live,53.7
2024-02-12,2023Q4,2023-12-01,2,4,first_print,0.3666,,-0.0078,0.2395,0.3744,0.1271,0.9473,0,0.5,530,174,cpi_monthly_live,54.0
2024-02-19,2023Q4,2023-12-01,2,4,first_print,0.4589,,-0.0078,0.2395,0.4667,0.2194,0.8746,0,0.5,530,174,cpi_monthly_live,55.1
2024-02-26,2023Q4,2023-12-01,2,4,first_print,0.3657,,-0.0078,0.2395,0.3735,0.1262,0.9358,0,0.5,530,174,cpi_monthly_live,57.2
2024-03-04,2024Q1,2024-03-01,0,4,first_print,0.4191,,0.2443,0.1275,0.1748,0.2916,0.8028,0,0.5,531,175,cpi_monthly_live,59.5
2024-03-11,2024Q1,2024-03-01,0,4,first_print,0.3911,,0.2443,0.1275,0.1467,0.2636,0.7245,0,0.5,531,175,cpi_monthly_live,56.8
2024-03-18,2024Q1,2024-03-01,0,4,first_print,0.4858,,0.2443,0.1275,0.2414,0.3583,0.8524,0,0.5,531,175,cpi_monthly_live,56.8
2024-03-25,2024Q1,2024-03-01,0,4,first_print,0.4579,,0.2443,0.1275,0.2135,0.3304,0.832,0,0.5,531,175,cpi_monthly_live,58.2
2024-04-01,2024Q1,2024-03-01,1,4,first_print,0.561,,0.2443,0.1275,0.3166,0.4335,0.98,0,0.5,532,175,cpi_monthly_live,58.2
2024-04-08,2024Q1,2024-03-01,1,4,first_print,0.5236,,0.2443,0.1275,0.2792,0.3961,1.0651,0,0.5,532,175,cpi_monthly_live,57.8
2024-04-15,2024Q1,2024-03-01,1,4,first_print,0.5063,,0.2443,0.1275,0.262,0.3788,1.0945,0,0.5,532,175,cpi_monthly_live,58.4
2024-04-22,2024Q1,2024-03-01,1,4,first_print,0.5154,,0.2443,0.1275,0.2711,0.3879,1.0843,0,0.5,532,175,cpi_monthly_live,57.5
2024-04-29,2024Q1,2024-03-01,1,4,first_print,0.4833,,0.2443,0.1275,0.2389,0.3558,1.0113,0,0.5,532,175,cpi_monthly_live,57.7
2024-05-06,2024Q1,2024-03-01,2,4,first_print,0.439,,0.2443,0.1275,0.1946,0.3115,0.9717,0,0.5,533,175,cpi_monthly_live,58.6
2024-05-13,2024Q1,2024-03-01,2,4,first_print,0.4569,,0.2443,0.1275,0.2126,0.3294,0.9068,0,0.5,533,175,cpi_monthly_live,59.1
2024-05-20,2024Q1,2024-03-01,2,4,first_print,0.4663,,0.2443,0.1275,0.222,0.3388,0.9059,0,0.5,533,175,cpi_monthly_live,58.7
2024-05-27,2024Q1,2024-03-01,2,4,first_print,0.4075,,0.2443,0.1275,0.1632,0.28,0.8782,0,0.5,533,175,cpi_monthly_live,58.6
2024-06-03,2024Q2,2024-06-01,0,4,first_print,0.3791,,0.2518,0.2246,0.1273,0.1545,0.8376,0,0.5,534,176,cpi_monthly_live,66.0
2024-06-10,2024Q2,2024-06-01,0,4,first_print,0.5038,,0.2518,0.2246,0.252,0.2792,0.8008,0,0.5,534,176,cpi_monthly_live,65.9
2024-06-17,2024Q2,2024-06-01,0,4,first_print,0.4394,,0.2518,0.2246,0.1876,0.2148,0.7675,0,0.5,534,176,cpi_monthly_live,62.0
2024-06-24,2024Q2,2024-06-01,0,4,first_print,0.4007,,0.2518,0.2246,0.1489,0.1761,0.7405,0,0.5,534,176,cpi_monthly_live,61.0
2024-07-01,2024Q2,2024-06-01,1,4,first_print,0.3912,,0.2518,0.2246,0.1394,0.1666,0.9162,0,0.5,535,176,cpi_monthly_live,60.4
2024-07-08,2024Q2,2024-06-01,1,4,first_print,0.3763,,0.2518,0.2246,0.1245,0.1517,1.0971,0,0.5,535,176,cpi_monthly_live,60.7
2024-07-15,2024Q2,2024-06-01,1,4,first_print,0.3612,,0.2518,0.2246,0.1094,0.1366,0.9932,0,0.5,535,176,cpi_monthly_live,61.2
2024-07-22,2024Q2,2024-06-01,1,4,first_print,0.3692,,0.2518,0.2246,0.1174,0.1446,0.8279,0,0.5,535,176,cpi_monthly_live,60.8
2024-07-29,2024Q2,2024-06-01,1,4,first_print,0.3702,,0.2518,0.2246,0.1184,0.1456,0.9666,0,0.5,535,176,cpi_monthly_live,61.0
2024-08-05,2024Q2,2024-06-01,2,4,first_print,0.4169,,0.2518,0.2246,0.1651,0.1923,0.8724,0,0.5,536,176,cpi_monthly_live,60.7
2024-08-12,2024Q2,2024-06-01,2,4,first_print,0.3111,,0.2518,0.2246,0.0593,0.0865,0.8899,0,0.5,536,176,cpi_monthly_live,54.5
2024-08-19,2024Q2,2024-06-01,2,4,first_print,0.3113,,0.2518,0.2246,0.0595,0.0867,0.8874,0,0.5,536,176,cpi_monthly_live,53.6
2024-08-26,2024Q2,2024-06-01,2,4,first_print,0.2458,,0.2518,0.2246,-0.006,0.0212,0.8702,0,0.5,536,176,cpi_monthly_live,53.8
2024-09-02,2024Q2,2024-06-01,3,4,first_print,0.4019,0.3694,0.2518,0.2246,0.1502,0.1773,0.8612,0,0.5,537,176,cpi_monthly_live,53.0
2024-09-09,2024Q3,2024-09-01,0,4,first_print,0.3928,,0.3056,0.3337,0.0872,0.0591,0.9626,0,0.5,537,177,cpi_monthly_live,53.3
2024-09-16,2024Q3,2024-09-01,0,4,first_print,0.3957,,0.3056,0.3337,0.0901,0.062,0.8745,0,0.5,537,177,cpi_monthly_live,53.4
2024-09-23,2024Q3,2024-09-01,0,4,first_print,0.4343,,0.3056,0.3337,0.1287,0.1006,0.9537,0,0.5,537,177,cpi_monthly_live,53.4
2024-09-30,2024Q3,2024-09-01,0,4,first_print,0.4738,,0.3056,0.3337,0.1682,0.1401,0.8938,0,0.5,537,177,cpi_monthly_live,53.5
2024-10-07,2024Q3,2024-09-01,1,4,first_print,0.3534,,0.3056,0.3337,0.0478,0.0197,0.8191,0,0.5,538,177,cpi_monthly_live,53.3
2024-10-14,2024Q3,2024-09-01,1,4,first_print,0.4225,,0.3056,0.3337,0.1169,0.0888,0.8124,0,0.5,538,177,cpi_monthly_live,53.3
2024-10-21,2024Q3,2024-09-01,1,4,first_print,0.375,,0.3056,0.3337,0.0694,0.0413,0.8914,0,0.5,538,177,cpi_monthly_live,53.3
2024-10-28,2024Q3,2024-09-01,1,4,first_print,0.375,,0.3056,0.3337,0.0694,0.0413,0.8914,0,0.5,538,177,cpi_monthly_live,53.1
2024-11-04,2024Q3,2024-09-01,2,4,first_print,0.4148,,0.3056,0.3337,0.1092,0.0811,0.8142,0,0.5,539,177,,53.6
2024-11-11,2024Q3,2024-09-01,2,4,first_print,0.4899,,0.3056,0.3337,0.1843,0.1562,1.0187,0,0.5,539,177,,53.8
2024-11-18,2024Q3,2024-09-01,2,4,first_print,0.4142,,0.3056,0.3337,0.1086,0.0805,0.8883,0,0.5,539,177,,53.3
2024-11-25,2024Q3,2024-09-01,2,4,first_print,0.4309,,0.3056,0.3337,0.1253,0.0972,0.8427,0,0.5,539,177,,53.3
2024-12-02,2024Q3,2024-09-01,3,4,first_print,0.5806,0.764,0.3056,0.3337,0.2749,0.2469,0.8903,0,0.5,540,177,,53.0
2024-12-09,2024Q4,2024-12-01,0,4,first_print,0.603,,0.4372,0.5833,0.1658,0.0197,0.8898,0,0.5,540,178,,53.3
2024-12-16,2024Q4,2024-12-01,0,4,first_print,0.6313,,0.4372,0.5833,0.1941,0.048,0.8901,0,0.5,540,178,,53.5
2024-12-23,2024Q4,2024-12-01,0,4,first_print,0.7638,,0.4372,0.5833,0.3267,0.1805,0.8818,0,0.5,540,178,,54.8
2024-12-30,2024Q4,2024-12-01,0,4,first_print,0.6607,,0.4372,0.5833,0.2235,0.0774,0.9107,0,0.5,540,178,,55.7
2025-01-06,2024Q4,2024-12-01,1,4,first_print,0.611,,0.4372,0.5833,0.1738,0.0277,0.9627,0,0.5,541,178,,55.7
2025-01-13,2024Q4,2024-12-01,1,4,first_print,0.6542,,0.4372,0.5833,0.2171,0.0709,0.9088,0,0.5,541,178,,55.9
2025-01-20,2024Q4,2024-12-01,1,4,first_print,0.6217,,0.4372,0.5833,0.1845,0.0384,0.8483,0,0.5,541,178,,56.0
2025-01-27,2024Q4,2024-12-01,1,4,first_print,0.6217,,0.4372,0.5833,0.1845,0.0384,0.8483,0,0.5,541,178,,56.4
2025-02-03,2024Q4,2024-12-01,2,4,first_print,0.5773,,0.4372,0.5833,0.1401,-0.006,1.0368,0,0.5,542,178,,57.4
2025-02-10,2024Q4,2024-12-01,2,4,first_print,0.6816,,0.4372,0.5833,0.2444,0.0983,1.0627,0,0.5,542,178,,60.3
2025-02-17,2024Q4,2024-12-01,2,4,first_print,0.5642,,0.4372,0.5833,0.127,-0.0191,0.8851,0,0.5,542,178,,56.1
2025-02-24,2024Q4,2024-12-01,2,4,first_print,0.5277,,0.4372,0.5833,0.0906,-0.0556,1.0268,0,0.5,542,178,,57.6
2025-03-03,2024Q4,2024-12-01,3,4,first_print,0.6307,0.6289,0.4372,0.5833,0.1935,0.0474,0.9476,0,0.5,543,178,,57.3
2025-03-10,2025Q1,2025-03-01,0,4,first_print,760.4366,,0.2604,0.2111,760.1762,760.2255,0.848,0,0.5,543,179,,58.2
2025-03-17,2025Q1,2025-03-01,0,4,first_print,0.5805,,0.2604,0.2111,0.3201,0.3694,0.8928,0,0.5,543,179,,55.6
2025-03-24,2025Q1,2025-03-01,0,4,first_print,0.5813,,0.2604,0.2111,0.3209,0.3702,1.1288,0,0.5,543,179,,54.0
2025-03-31,2025Q1,2025-03-01,0,4,first_print,0.5992,,0.2604,0.2111,0.3388,0.3881,1.0657,0,0.5,543,179,,54.1
2025-04-07,2025Q1,2025-03-01,1,4,first_print,0.5664,,0.2604,0.2111,0.3061,0.3553,0.829,0,0.5,544,179,,54.4
2025-04-14,2025Q1,2025-03-01,1,4,first_print,0.581,,0.2604,0.2111,0.3206,0.3699,0.7773,0,0.5,544,179,,54.3
2025-04-21,2025Q1,2025-03-01,1,4,first_print,0.5981,,0.2604,0.2111,0.3377,0.387,0.8613,0,0.5,544,179,,53.8
2025-04-28,2025Q1,2025-03-01,1,4,first_print,0.5756,,0.2604,0.2111,0.3152,0.3645,0.8151,0,0.5,544,179,,53.8
2025-05-05,2025Q1,2025-03-01,2,4,first_print,0.4846,,0.2604,0.2111,0.2242,0.2735,0.8379,0,0.5,545,179,,55.0
2025-05-12,2025Q1,2025-03-01,2,4,first_print,0.5334,,0.2604,0.2111,0.273,0.3223,0.8647,0,0.5,545,179,,54.1
2025-05-19,2025Q1,2025-03-01,2,4,first_print,0.553,,0.2604,0.2111,0.2926,0.3419,0.7928,0,0.5,545,179,,54.0
2025-05-26,2025Q1,2025-03-01,2,4,first_print,0.5163,,0.2604,0.2111,0.256,0.3052,0.8599,0,0.5,545,179,,54.1
2025-06-02,2025Q1,2025-03-01,3,4,first_print,0.4953,0.4859,0.2604,0.2111,0.2349,0.2842,0.6914,0,0.5,546,179,,54.0
2025-06-09,2025Q2,2025-06-01,0,4,first_print,0.4659,,0.9687,0.601,-0.5028,-0.1351,0.8658,0,0.5,546,180,,53.9
2025-06-16,2025Q2,2025-06-01,0,4,first_print,0.4344,,0.9687,0.601,-0.5343,-0.1666,0.7236,0,0.5,546,180,,53.8
2025-06-23,2025Q2,2025-06-01,0,4,first_print,0.3746,,0.9687,0.601,-0.5941,-0.2264,0.85,0,0.5,546,180,,54.0
2025-06-30,2025Q2,2025-06-01,0,4,first_print,0.2991,,0.9687,0.601,-0.6696,-0.3019,0.8593,0,0.5,546,180,,53.9
2025-07-07,2025Q2,2025-06-01,1,4,first_print,0.3798,,0.9687,0.601,-0.5889,-0.2212,1.0335,0,0.5,547,180,,54.4
2025-07-14,2025Q2,2025-06-01,1,4,first_print,0.4968,,0.9687,0.601,-0.4719,-0.1042,1.1458,0,0.5,547,180,,53.8
2025-07-21,2025Q2,2025-06-01,1,4,first_print,0.4057,,0.9687,0.601,-0.563,-0.1953,0.8466,0,0.5,547,180,,54.2
2025-07-28,2025Q2,2025-06-01,1,4,first_print,0.4057,,0.9687,0.601,-0.563,-0.1953,0.8466,0,0.5,547,180,,54.1
2025-08-04,2025Q2,2025-06-01,2,4,first_print,0.4446,,0.9687,0.601,-0.5241,-0.1564,1.144,0,0.5,548,180,,53.9
2025-08-11,2025Q2,2025-06-01,2,4,first_print,0.43,,0.9687,0.601,-0.5387,-0.171,0.9308,0,0.5,548,180,,54.1
2025-08-18,2025Q2,2025-06-01,2,4,first_print,0.4749,,0.9687,0.601,-0.4938,-0.1261,1.1129,0,0.5,548,180,,54.3
2025-08-25,2025Q2,2025-06-01,2,4,first_print,0.4385,,0.9687,0.601,-0.5302,-0.1625,0.9145,0,0.5,548,180,,53.5
2025-09-01,2025Q2,2025-06-01,3,4,first_print,0.4366,0.4786,0.9687,0.601,-0.5321,-0.1644,0.7681,0,0.5,549,180,,53.9
2025-09-08,2025Q3,2025-09-01,0,4,first_print,0.5448,,0.382,0.3913,0.1629,0.1535,0.8322,0,0.5,549,181,,54.1
2025-09-15,2025Q3,2025-09-01,0,4,first_print,0.5439,,0.382,0.3913,0.1619,0.1526,0.8816,0,0.5,549,181,,54.1
2025-09-22,2025Q3,2025-09-01,0,4,first_print,0.4666,,0.382,0.3913,0.0847,0.0753,0.8626,0,0.5,549,181,,54.3
2025-09-29,2025Q3,2025-09-01,0,4,first_print,0.6107,,0.382,0.3913,0.2287,0.2194,0.9018,0,0.5,549,181,,53.9
2025-10-06,2025Q3,2025-09-01,1,4,first_print,0.4175,,0.382,0.3913,0.0355,0.0262,0.7566,0,0.5,550,181,,54.3
2025-10-13,2025Q3,2025-09-01,1,4,first_print,0.5729,,0.382,0.3913,0.1909,0.1816,0.8317,0,0.5,550,181,,54.3
2025-10-20,2025Q3,2025-09-01,1,4,first_print,0.6379,,0.382,0.3913,0.2559,0.2466,0.8576,0,0.5,550,181,,54.2
2025-10-27,2025Q3,2025-09-01,1,4,first_print,0.5513,,0.382,0.3913,0.1693,0.16,0.7786,0,0.5,550,181,,54.2
2025-11-03,2025Q3,2025-09-01,2,4,first_print,0.5919,,0.382,0.3913,0.21,0.2006,0.912,0,0.5,551,181,,54.6
2025-11-10,2025Q3,2025-09-01,2,4,first_print,0.5973,,0.382,0.3913,0.2153,0.206,0.9359,0,0.5,551,181,,54.2
2025-11-17,2025Q3,2025-09-01,2,4,first_print,0.6308,,0.382,0.3913,0.2489,0.2395,0.972,0,0.5,551,181,,54.1
2025-11-24,2025Q3,2025-09-01,2,4,first_print,0.6104,,0.382,0.3913,0.2284,0.2191,0.9832,0,0.5,551,181,,55.0
2025-12-01,2025Q3,2025-09-01,3,4,first_print,0.5454,0.6164,0.382,0.3913,0.1634,0.1541,0.8835,0,0.5,552,181,,55.1
2025-12-08,2025Q4,2025-12-01,0,4,first_print,0.6552,,0.8731,0.7925,-0.2179,-0.1373,1.045,0,0.5,552,182,,54.7
2025-12-15,2025Q4,2025-12-01,0,4,first_print,0.5748,,0.8731,0.7925,-0.2983,-0.2177,0.8983,0,0.5,552,182,,54.5
2025-12-22,2025Q4,2025-12-01,0,4,first_print,0.6394,,0.8731,0.7925,-0.2336,-0.1531,1.0999,0,0.5,552,182,,54.4
2025-12-29,2025Q4,2025-12-01,0,4,first_print,0.6283,,0.8731,0.7925,-0.2448,-0.1642,0.998,0,0.5,552,182,,54.1
2026-01-05,2025Q4,2025-12-01,1,4,first_print,0.6467,,0.8731,0.7925,-0.2264,-0.1458,0.9085,0,0.5,553,182,,54.4
2026-01-12,2025Q4,2025-12-01,1,4,first_print,0.6076,,0.8731,0.7925,-0.2655,-0.1849,0.8962,0,0.5,553,182,,54.3
2026-01-19,2025Q4,2025-12-01,1,4,first_print,0.6039,,0.8731,0.7925,-0.2691,-0.1886,0.9855,0,0.5,553,182,,54.5
2026-01-26,2025Q4,2025-12-01,1,4,first_print,0.6623,,0.8731,0.7925,-0.2107,-0.1302,1.143,0,0.5,553,182,,54.5
2026-02-02,2025Q4,2025-12-01,2,4,first_print,0.4715,,0.8731,0.7925,-0.4016,-0.321,0.8855,0,0.5,554,182,,54.6
2026-02-09,2025Q4,2025-12-01,2,4,first_print,0.5419,,0.8731,0.7925,-0.3312,-0.2506,0.8711,0,0.5,554,182,,54.8
2026-02-16,2025Q4,2025-12-01,2,4,first_print,0.5809,,0.8731,0.7925,-0.2922,-0.2116,0.8884,0,0.5,554,182,,54.6
2026-02-23,2025Q4,2025-12-01,2,4,first_print,0.6039,,0.8731,0.7925,-0.2692,-0.1886,1.009,0,0.5,554,182,,54.6
2026-03-02,2025Q4,2025-12-01,3,4,first_print,0.5855,0.5909,0.8731,0.7925,-0.2876,-0.207,0.9601,0,0.5,555,182,,54.9
2026-03-09,2026Q1,2026-03-01,0,4,first_print,0.6963,,0.2743,0.2743,0.422,0.422,0.947,0,0.5,555,183,,54.6
2026-03-16,2026Q1,2026-03-01,0,4,first_print,0.6931,,0.2743,0.2743,0.4188,0.4188,0.8623,0,0.5,555,183,,55.7
2026-03-23,2026Q1,2026-03-01,0,4,first_print,0.6728,,0.2743,0.2743,0.3985,0.3985,0.907,0,0.5,555,183,,55.1
2026-03-30,2026Q1,2026-03-01,0,4,first_print,0.6728,,0.2743,0.2743,0.3985,0.3985,0.907,0,0.5,555,183,,59.5
2026-04-06,2026Q1,2026-03-01,1,4,first_print,0.575,,0.2743,0.2743,0.3006,0.3007,1.0955,0,0.5,556,183,,60.1
2026-04-13,2026Q1,2026-03-01,1,4,first_print,0.5779,,0.2743,0.2743,0.3035,0.3036,0.8669,0,0.5,556,183,,58.6
2026-04-20,2026Q1,2026-03-01,1,4,first_print,0.6505,,0.2743,0.2743,0.3761,0.3762,0.815,0,0.5,556,183,,58.4
2026-04-27,2026Q1,2026-03-01,1,4,first_print,0.6505,,0.2743,0.2743,0.3761,0.3762,0.815,0,0.5,556,183,,58.1
2026-05-04,2026Q1,2026-03-01,2,4,first_print,0.6334,,0.2743,0.2743,0.3591,0.3591,0.9105,0,0.5,557,183,,57.7
2026-05-11,2026Q1,2026-03-01,2,4,first_print,0.6612,,0.2743,0.2743,0.3868,0.3869,0.9845,0,0.5,557,183,,57.7
2026-05-18,2026Q1,2026-03-01,2,4,first_print,0.6092,,0.2743,0.2743,0.3348,0.3349,1.1202,0,0.5,557,183,,57.6
2026-05-25,2026Q1,2026-03-01,2,4,first_print,0.5912,,0.2743,0.2743,0.3169,0.3169,1.3193,0,0.5,557,183,,58.6
2026-06-01,2026Q1,2026-03-01,3,4,first_print,0.5446,0.3717,0.2743,0.2743,0.2703,0.2703,0.9459,0,0.5,558,183,,57.4
2026-06-08,2026Q2,2026-06-01,0,4,first_print,0.4774,,nan,0.4195,nan,0.0579,0.8971,0,0.5,558,184,,61.4
2026-06-15,2026Q2,2026-06-01,0,4,first_print,0.3703,,nan,0.4195,nan,-0.0492,0.9397,0,0.5,558,184,,58.3
2026-06-22,2026Q2,2026-06-01,0,4,first_print,0.4234,,nan,0.4195,nan,0.0039,0.9327,0,0.5,558,184,,58.2
2026-06-29,2026Q2,2026-06-01,0,4,first_print,0.4245,,nan,0.4195,nan,0.005,0.9619,0,0.5,558,184,,58.8
2026-07-06,2026Q2,2026-06-01,1,4,first_print,0.4865,,nan,0.4195,nan,0.067,1.0423,0,0.5,559,184,,56.5
2026-07-13,2026Q2,2026-06-01,1,4,first_print,0.448,,nan,0.4195,nan,0.0285,1.0817,0,0.5,559,184,,55.7
2026-07-20,2026Q2,2026-06-01,1,4,first_print,0.4369,,nan,0.4195,nan,0.0174,0.8944,0,0.5,559,184,,55.2
2026-07-27,2026Q2,2026-06-01,1,4,first_print,0.4697,,nan,0.4195,nan,0.0502,1.0012,0,0.5,559,184,,55.3
2026-08-03,2026Q2,2026-06-01,2,4,first_print,0.4884,,nan,0.4195,nan,0.0689,0.9318,0,0.5,560,184,,56.3
2026-08-10,2026Q2,2026-06-01,2,4,first_print,0.4073,,nan,0.4195,nan,-0.0122,0.9612,0,0.5,560,184,,55.4
2026-08-17,2026Q2,2026-06-01,2,4,first_print,0.5333,,nan,0.4195,nan,0.1138,0.9804,0,0.5,560,184,,55.4
2026-08-24,2026Q2,2026-06-01,2,4,first_print,0.5306,,nan,0.4195,nan,0.1111,0.9094,0,0.5,560,184,,55.2
