asof,target,target_date,horizon_months,seed,nowcast_qq,forecast_next_qq,actual_qq,error_qq,gdp_global_loading,collapsed,cols,gdp_obs,deflator_skipped,seconds
2023-01-01,2022Q4,2022-12-01,1,4,0.9403,,0.8252,0.1152,1.4586,0,517,170,cpi_monthly_live,28.7
2023-01-01,2022Q4,2022-12-01,1,13,0.7571,,0.8252,-0.068,1.726,0,517,170,cpi_monthly_live,30.5
2023-01-01,2022Q4,2022-12-01,1,19,0.8005,,0.8252,-0.0246,1.4141,0,517,170,cpi_monthly_live,30.6
2023-02-01,2022Q4,2022-12-01,2,4,0.5869,,0.8252,-0.2383,1.6238,0,518,170,cpi_monthly_live,31.0
2023-02-01,2022Q4,2022-12-01,2,13,0.5606,,0.8252,-0.2645,1.2663,0,518,170,cpi_monthly_live,30.7
2023-02-01,2022Q4,2022-12-01,2,19,0.5528,,0.8252,-0.2723,1.4469,0,518,170,cpi_monthly_live,30.8
2023-04-01,2023Q1,2023-03-01,1,4,0.7376,,0.4779,0.2597,1.4688,0,520,171,cpi_monthly_live,33.9
2023-04-01,2023Q1,2023-03-01,1,13,0.7281,,0.4779,0.2501,1.2422,0,520,171,cpi_monthly_live,32.2
2023-04-01,2023Q1,2023-03-01,1,19,0.6827,,0.4779,0.2048,1.5448,0,520,171,cpi_monthly_live,31.4
2023-05-01,2023Q1,2023-03-01,2,4,0.7144,,0.4779,0.2365,1.3039,0,521,171,cpi_monthly_live,32.1
2023-05-01,2023Q1,2023-03-01,2,13,0.6911,,0.4779,0.2132,1.3094,0,521,171,cpi_monthly_live,31.3
2023-05-01,2023Q1,2023-03-01,2,19,0.6081,,0.4779,0.1302,1.7553,0,521,171,cpi_monthly_live,31.9
2023-06-01,2023Q1,2023-03-01,3,4,0.5914,0.4806,0.4779,0.1134,1.5703,0,522,171,cpi_monthly_live,32.6
2023-06-01,2023Q1,2023-03-01,3,13,0.6762,0.598,0.4779,0.1983,1.4442,0,522,171,cpi_monthly_live,32.4
2023-06-01,2023Q1,2023-03-01,3,19,0.6914,0.6406,0.4779,0.2135,1.4894,0,522,171,cpi_monthly_live,32.4
2023-07-01,2023Q2,2023-06-01,1,4,0.4978,,0.4551,0.0426,1.5093,0,523,172,cpi_monthly_live,32.6
2023-07-01,2023Q2,2023-06-01,1,13,0.5461,,0.4551,0.091,1.3815,0,523,172,cpi_monthly_live,32.4
2023-07-01,2023Q2,2023-06-01,1,19,0.6211,,0.4551,0.166,1.222,0,523,172,cpi_monthly_live,32.2
2023-08-01,2023Q2,2023-06-01,2,4,0.5561,,0.4551,0.101,1.4174,0,524,172,cpi_monthly_live,32.6
2023-08-01,2023Q2,2023-06-01,2,13,0.4637,,0.4551,0.0085,1.4151,0,524,172,cpi_monthly_live,32.6
2023-08-01,2023Q2,2023-06-01,2,19,0.5314,,0.4551,0.0763,1.2134,0,524,172,cpi_monthly_live,31.9
2023-09-01,2023Q2,2023-06-01,3,4,0.5348,0.4305,0.4551,0.0796,1.4161,0,525,172,cpi_monthly_live,32.5
2023-09-01,2023Q2,2023-06-01,3,13,0.6131,0.6444,0.4551,0.158,1.2497,0,525,172,cpi_monthly_live,32.7
2023-09-01,2023Q2,2023-06-01,3,19,0.6085,0.6069,0.4551,0.1534,1.456,0,525,172,cpi_monthly_live,32.5
2023-10-01,2023Q3,2023-09-01,1,4,0.5513,,0.4032,0.1481,1.5245,0,526,173,cpi_monthly_live,32.0
2023-10-01,2023Q3,2023-09-01,1,13,0.5796,,0.4032,0.1763,1.5452,0,526,173,cpi_monthly_live,32.6
2023-10-01,2023Q3,2023-09-01,1,19,0.5293,,0.4032,0.1261,1.3879,0,526,173,cpi_monthly_live,32.7
2023-11-01,2023Q3,2023-09-01,2,4,0.4624,,0.4032,0.0592,1.5441,0,527,173,cpi_monthly_live,32.7
2023-11-01,2023Q3,2023-09-01,2,13,0.5147,,0.4032,0.1115,1.2423,0,527,173,cpi_monthly_live,32.5
2023-11-01,2023Q3,2023-09-01,2,19,0.5149,,0.4032,0.1117,1.6278,0,527,173,cpi_monthly_live,32.3
2023-12-01,2023Q3,2023-09-01,3,4,0.5706,0.6393,0.4032,0.1674,1.5824,0,528,173,cpi_monthly_live,32.5
2023-12-01,2023Q3,2023-09-01,3,13,0.5581,0.5815,0.4032,0.1549,1.3652,0,528,173,cpi_monthly_live,32.8
2023-12-01,2023Q3,2023-09-01,3,19,0.6041,0.7883,0.4032,0.2009,1.4128,0,528,173,cpi_monthly_live,33.1
2024-01-01,2023Q4,2023-12-01,1,4,0.458,,-0.0078,0.4658,1.2751,0,529,174,cpi_monthly_live,34.0
2024-01-01,2023Q4,2023-12-01,1,13,0.2698,,-0.0078,0.2775,1.5963,0,529,174,cpi_monthly_live,34.8
2024-01-01,2023Q4,2023-12-01,1,19,0.2646,,-0.0078,0.2724,1.3985,0,529,174,cpi_monthly_live,34.6
2024-02-01,2023Q4,2023-12-01,2,4,0.3552,,-0.0078,0.363,1.4512,0,530,174,cpi_monthly_live,36.0
2024-02-01,2023Q4,2023-12-01,2,13,0.3084,,-0.0078,0.3162,1.6179,0,530,174,cpi_monthly_live,35.1
2024-02-01,2023Q4,2023-12-01,2,19,0.4694,,-0.0078,0.4771,1.4751,0,530,174,cpi_monthly_live,35.1
2024-03-01,2023Q4,2023-12-01,3,4,0.273,0.7488,-0.0078,0.2808,1.7342,0,531,174,cpi_monthly_live,34.1
2024-03-01,2023Q4,2023-12-01,3,13,0.546,0.706,-0.0078,0.5538,1.4694,0,531,174,cpi_monthly_live,34.3
2024-03-01,2023Q4,2023-12-01,3,19,0.3784,0.6067,-0.0078,0.3862,1.5414,0,531,174,cpi_monthly_live,34.2
2024-04-01,2024Q1,2024-03-01,1,4,0.518,,0.2443,0.2737,1.2965,0,532,175,cpi_monthly_live,34.3
2024-04-01,2024Q1,2024-03-01,1,13,0.7053,,0.2443,0.4609,1.7242,0,532,175,cpi_monthly_live,34.4
2024-04-01,2024Q1,2024-03-01,1,19,0.824,,0.2443,0.5796,1.746,0,532,175,cpi_monthly_live,34.3
2024-05-01,2024Q1,2024-03-01,2,4,0.5228,,0.2443,0.2785,1.5152,0,533,175,cpi_monthly_live,34.5
2024-05-01,2024Q1,2024-03-01,2,13,0.5201,,0.2443,0.2758,1.4986,0,533,175,cpi_monthly_live,34.2
2024-05-01,2024Q1,2024-03-01,2,19,0.5637,,0.2443,0.3194,1.6526,0,533,175,cpi_monthly_live,34.2
2024-06-01,2024Q1,2024-03-01,3,4,0.5196,0.3849,0.2443,0.2753,1.2913,0,534,175,cpi_monthly_live,34.0
2024-06-01,2024Q1,2024-03-01,3,13,0.6708,0.5923,0.2443,0.4265,1.5379,0,534,175,cpi_monthly_live,34.2
2024-06-01,2024Q1,2024-03-01,3,19,0.5636,0.4646,0.2443,0.3192,1.4713,0,534,175,cpi_monthly_live,34.1
2024-07-01,2024Q2,2024-06-01,1,4,0.3801,,0.2518,0.1283,1.4032,0,535,176,cpi_monthly_live,33.5
2024-07-01,2024Q2,2024-06-01,1,13,0.4611,,0.2518,0.2093,1.3601,0,535,176,cpi_monthly_live,32.5
2024-07-01,2024Q2,2024-06-01,1,19,0.4085,,0.2518,0.1567,1.4423,0,535,176,cpi_monthly_live,32.0
2024-08-01,2024Q2,2024-06-01,2,4,0.3374,,0.2518,0.0856,1.4493,0,536,176,cpi_monthly_live,31.8
2024-08-01,2024Q2,2024-06-01,2,13,0.3904,,0.2518,0.1386,1.5253,0,536,176,cpi_monthly_live,31.9
2024-08-01,2024Q2,2024-06-01,2,19,0.2811,,0.2518,0.0293,1.2715,0,536,176,cpi_monthly_live,31.9
2024-09-01,2024Q2,2024-06-01,3,4,0.4027,0.411,0.2518,0.1509,1.3001,0,537,176,cpi_monthly_live,31.7
2024-09-01,2024Q2,2024-06-01,3,13,0.353,0.2546,0.2518,0.1012,1.3631,0,537,176,cpi_monthly_live,31.9
2024-09-01,2024Q2,2024-06-01,3,19,0.4378,0.5609,0.2518,0.186,1.2514,0,537,176,cpi_monthly_live,31.7
2024-10-01,2024Q3,2024-09-01,1,4,0.3244,,0.3056,0.0188,1.2898,0,538,177,cpi_monthly_live,32.0
2024-10-01,2024Q3,2024-09-01,1,13,0.323,,0.3056,0.0174,1.6902,0,538,177,cpi_monthly_live,31.9
2024-10-01,2024Q3,2024-09-01,1,19,0.3155,,0.3056,0.0098,1.5284,0,538,177,cpi_monthly_live,31.9
2024-11-01,2024Q3,2024-09-01,2,4,0.5001,,0.3056,0.1944,1.273,0,539,177,,32.0
2024-11-01,2024Q3,2024-09-01,2,13,0.5677,,0.3056,0.2621,1.1454,0,539,177,,32.0
2024-11-01,2024Q3,2024-09-01,2,19,0.507,,0.3056,0.2014,1.4586,0,539,177,,31.9
2024-12-01,2024Q3,2024-09-01,3,4,0.5616,0.768,0.3056,0.256,1.6075,0,540,177,,32.3
2024-12-01,2024Q3,2024-09-01,3,13,0.4158,0.626,0.3056,0.1102,1.5271,0,540,177,,32.2
2024-12-01,2024Q3,2024-09-01,3,19,0.4923,0.5935,0.3056,0.1867,1.3531,0,540,177,,32.3
2025-01-01,2024Q4,2024-12-01,1,4,0.6096,,0.4372,0.1724,1.4578,0,541,178,,32.1
2025-01-01,2024Q4,2024-12-01,1,13,0.6585,,0.4372,0.2214,1.3909,0,541,178,,32.0
2025-01-01,2024Q4,2024-12-01,1,19,0.7394,,0.4372,0.3022,1.5388,0,541,178,,32.0
2025-02-01,2024Q4,2024-12-01,2,4,0.5886,,0.4372,0.1515,1.4466,0,542,178,,32.4
2025-02-01,2024Q4,2024-12-01,2,13,0.5269,,0.4372,0.0897,1.3287,0,542,178,,32.1
2025-02-01,2024Q4,2024-12-01,2,19,0.6392,,0.4372,0.202,1.6308,0,542,178,,32.1
2025-03-01,2024Q4,2024-12-01,3,4,0.7426,0.709,0.4372,0.3054,1.5117,0,543,178,,32.1
2025-03-01,2024Q4,2024-12-01,3,13,0.6665,0.6479,0.4372,0.2293,1.1668,0,543,178,,32.0
2025-03-01,2024Q4,2024-12-01,3,19,0.6306,0.4853,0.4372,0.1935,1.894,0,543,178,,32.1
2025-04-01,2025Q1,2025-03-01,1,4,0.7035,,0.2604,0.4431,1.7371,0,544,179,,32.3
2025-04-01,2025Q1,2025-03-01,1,13,0.6342,,0.2604,0.3738,1.5062,0,544,179,,32.6
2025-04-01,2025Q1,2025-03-01,1,19,0.5789,,0.2604,0.3185,1.4804,0,544,179,,32.8
2025-05-01,2025Q1,2025-03-01,2,4,0.5561,,0.2604,0.2957,1.3408,0,545,179,,32.5
2025-05-01,2025Q1,2025-03-01,2,13,0.5522,,0.2604,0.2919,1.9235,0,545,179,,32.6
2025-05-01,2025Q1,2025-03-01,2,19,0.5555,,0.2604,0.2951,1.9401,0,545,179,,32.7
2025-06-01,2025Q1,2025-03-01,3,4,0.5667,0.6414,0.2604,0.3063,1.5914,0,546,179,,32.3
2025-06-01,2025Q1,2025-03-01,3,13,0.494,0.4016,0.2604,0.2337,1.3762,0,546,179,,32.4
2025-06-01,2025Q1,2025-03-01,3,19,0.5279,0.5807,0.2604,0.2675,1.5887,0,546,179,,32.3
2025-07-01,2025Q2,2025-06-01,1,4,0.4747,,0.9687,-0.494,1.5213,0,547,180,,32.4
2025-07-01,2025Q2,2025-06-01,1,13,0.4374,,0.9687,-0.5313,1.7433,0,547,180,,32.4
2025-07-01,2025Q2,2025-06-01,1,19,0.4831,,0.9687,-0.4856,1.4345,0,547,180,,32.3
2025-08-01,2025Q2,2025-06-01,2,4,0.4901,,0.9687,-0.4786,2.11,0,548,180,,32.4
2025-08-01,2025Q2,2025-06-01,2,13,0.4632,,0.9687,-0.5055,1.4381,0,548,180,,32.3
2025-08-01,2025Q2,2025-06-01,2,19,0.4117,,0.9687,-0.557,1.8329,0,548,180,,32.5
2025-09-01,2025Q2,2025-06-01,3,4,0.5907,0.6902,0.9687,-0.378,1.389,0,549,180,,32.6
2025-09-01,2025Q2,2025-06-01,3,13,0.5438,0.6106,0.9687,-0.4249,1.5774,0,549,180,,32.5
2025-09-01,2025Q2,2025-06-01,3,19,0.5301,0.5935,0.9687,-0.4387,1.5237,0,549,180,,32.4
2025-10-01,2025Q3,2025-09-01,1,4,0.6777,,0.382,0.2957,1.4832,0,550,181,,32.7
2025-10-01,2025Q3,2025-09-01,1,13,0.686,,0.382,0.304,1.4004,0,550,181,,32.8
2025-10-01,2025Q3,2025-09-01,1,19,0.6722,,0.382,0.2902,1.4267,0,550,181,,33.8
2025-11-01,2025Q3,2025-09-01,2,4,0.581,,0.382,0.1991,1.3993,0,551,181,,33.6
2025-11-01,2025Q3,2025-09-01,2,13,0.6652,,0.382,0.2832,1.8892,0,551,181,,33.6
2025-11-01,2025Q3,2025-09-01,2,19,0.4538,,0.382,0.0718,1.3287,0,551,181,,33.4
2025-12-01,2025Q3,2025-09-01,3,4,0.6848,0.6488,0.382,0.3029,1.4434,0,552,181,,33.6
2025-12-01,2025Q3,2025-09-01,3,13,0.5606,0.4379,0.382,0.1786,1.3265,0,552,181,,33.4
2025-12-01,2025Q3,2025-09-01,3,19,0.6137,0.563,0.382,0.2317,1.5598,0,552,181,,33.6
2026-01-01,2025Q4,2025-12-01,1,4,0.6748,,0.8731,-0.1982,1.4703,0,553,182,,33.7
2026-01-01,2025Q4,2025-12-01,1,13,0.682,,0.8731,-0.1911,1.4403,0,553,182,,33.1
2026-01-01,2025Q4,2025-12-01,1,19,0.6808,,0.8731,-0.1923,1.5486,0,553,182,,33.7
2026-02-01,2025Q4,2025-12-01,2,4,0.5923,,0.8731,-0.2808,1.5015,0,554,182,,34.0
2026-02-01,2025Q4,2025-12-01,2,13,0.6003,,0.8731,-0.2728,1.3079,0,554,182,,33.9
2026-02-01,2025Q4,2025-12-01,2,19,0.7143,,0.8731,-0.1587,1.8074,0,554,182,,33.9
2026-03-01,2025Q4,2025-12-01,3,4,0.6009,0.5415,0.8731,-0.2721,1.5494,0,555,182,,33.9
2026-03-01,2025Q4,2025-12-01,3,13,0.6099,0.6133,0.8731,-0.2631,1.7876,0,555,182,,34.4
2026-03-01,2025Q4,2025-12-01,3,19,0.6726,0.6611,0.8731,-0.2005,1.5704,0,555,182,,33.6
2026-04-01,2026Q1,2026-03-01,1,4,0.5598,,0.2743,0.2854,1.5031,0,556,183,,33.8
2026-04-01,2026Q1,2026-03-01,1,13,0.693,,0.2743,0.4187,1.5119,0,556,183,,33.9
2026-04-01,2026Q1,2026-03-01,1,19,0.6299,,0.2743,0.3555,1.7213,0,556,183,,34.1
2026-05-01,2026Q1,2026-03-01,2,4,0.5898,,0.2743,0.3154,1.9103,0,557,183,,34.2
2026-05-01,2026Q1,2026-03-01,2,13,0.5047,,0.2743,0.2304,1.7654,0,557,183,,34.0
2026-05-01,2026Q1,2026-03-01,2,19,0.6172,,0.2743,0.3428,1.78,0,557,183,,34.0
