Date,TARGET,COVID,COVID,COVID,COVID,COVID,COVID,COVID,COVID
1/12/1959,0,0,0,0,0,0,0,0,0
1/03/1960,0,0,0,0,0,0,0,0,0
1/06/1960,0,0,0,0,0,0,0,0,0
1/09/1960,0,0,0,0,0,0,0,0,0
1/12/1960,0,0,0,0,0,0,0,0,0
1/03/1961,0,0,0,0,0,0,0,0,0
1/06/1961,0,0,0,0,0,0,0,0,0
1/09/1961,0,0,0,0,0,0,0,0,0
1/12/1961,0,0,0,0,0,0,0,0,0
1/03/1962,0,0,0,0,0,0,0,0,0
1/06/1962,0,0,0,0,0,0,0,0,0
1/09/1962,0,0,0,0,0,0,0,0,0
1/12/1962,0,0,0,0,0,0,0,0,0
1/03/1963,0,0,0,0,0,0,0,0,0
1/06/1963,0,0,0,0,0,0,0,0,0
1/09/1963,0,0,0,0,0,0,0,0,0
1/12/1963,0,0,0,0,0,0,0,0,0
1/03/1964,0,0,0,0,0,0,0,0,0
1/06/1964,0,0,0,0,0,0,0,0,0
1/09/1964,0,0,0,0,0,0,0,0,0
1/12/1964,0,0,0,0,0,0,0,0,0
1/03/1965,0,0,0,0,0,0,0,0,0
1/06/1965,0,0,0,0,0,0,0,0,0
1/09/1965,0,0,0,0,0,0,0,0,0
1/12/1965,0,0,0,0,0,0,0,0,0
1/03/1966,0,0,0,0,0,0,0,0,0
1/06/1966,0,0,0,0,0,0,0,0,0
1/09/1966,0,0,0,0,0,0,0,0,0
1/12/1966,0,0,0,0,0,0,0,0,0
1/03/1967,0,0,0,0,0,0,0,0,0
1/06/1967,0,0,0,0,0,0,0,0,0
1/09/1967,0,0,0,0,0,0,0,0,0
1/12/1967,0,0,0,0,0,0,0,0,0
1/03/1968,0,0,0,0,0,0,0,0,0
1/06/1968,0,0,0,0,0,0,0,0,0
1/09/1968,0,0,0,0,0,0,0,0,0
1/12/1968,0,0,0,0,0,0,0,0,0
1/03/1969,0,0,0,0,0,0,0,0,0
1/06/1969,0,0,0,0,0,0,0,0,0
1/09/1969,0,0,0,0,0,0,0,0,0
1/12/1969,0,0,0,0,0,0,0,0,0
1/03/1970,0,0,0,0,0,0,0,0,0
1/06/1970,0,0,0,0,0,0,0,0,0
1/09/1970,0,0,0,0,0,0,0,0,0
1/12/1970,0,0,0,0,0,0,0,0,0
1/03/1971,0,0,0,0,0,0,0,0,0
1/06/1971,0,0,0,0,0,0,0,0,0
1/09/1971,0,0,0,0,0,0,0,0,0
1/12/1971,0,0,0,0,0,0,0,0,0
1/03/1972,0,0,0,0,0,0,0,0,0
1/06/1972,0,0,0,0,0,0,0,0,0
1/09/1972,0,0,0,0,0,0,0,0,0
1/12/1972,0,0,0,0,0,0,0,0,0
1/03/1973,0,0,0,0,0,0,0,0,0
1/06/1973,0,0,0,0,0,0,0,0,0
1/09/1973,0,0,0,0,0,0,0,0,0
1/12/1973,0,0,0,0,0,0,0,0,0
1/03/1974,0,0,0,0,0,0,0,0,0
1/06/1974,0,0,0,0,0,0,0,0,0
1/09/1974,0,0,0,0,0,0,0,0,0
1/12/1974,0,0,0,0,0,0,0,0,0
1/03/1975,0,0,0,0,0,0,0,0,0
1/06/1975,0,0,0,0,0,0,0,0,0
1/09/1975,0,0,0,0,0,0,0,0,0
1/12/1975,0,0,0,0,0,0,0,0,0
1/03/1976,0,0,0,0,0,0,0,0,0
1/06/1976,0,0,0,0,0,0,0,0,0
1/09/1976,0,0,0,0,0,0,0,0,0
1/12/1976,0,0,0,0,0,0,0,0,0
1/03/1977,0,0,0,0,0,0,0,0,0
1/06/1977,0,0,0,0,0,0,0,0,0
1/09/1977,0,0,0,0,0,0,0,0,0
1/12/1977,0,0,0,0,0,0,0,0,0
1/03/1978,0,0,0,0,0,0,0,0,0
1/06/1978,0,0,0,0,0,0,0,0,0
1/09/1978,0,0,0,0,0,0,0,0,0
1/12/1978,0,0,0,0,0,0,0,0,0
1/03/1979,0,0,0,0,0,0,0,0,0
1/06/1979,0,0,0,0,0,0,0,0,0
1/09/1979,0,0,0,0,0,0,0,0,0
1/12/1979,0,0,0,0,0,0,0,0,0
1/03/1980,0,0,0,0,0,0,0,0,0
1/06/1980,0,0,0,0,0,0,0,0,0
1/09/1980,0,0,0,0,0,0,0,0,0
1/12/1980,0,0,0,0,0,0,0,0,0
1/03/1981,0,0,0,0,0,0,0,0,0
1/06/1981,0,0,0,0,0,0,0,0,0
1/09/1981,0,0,0,0,0,0,0,0,0
1/12/1981,0,0,0,0,0,0,0,0,0
1/03/1982,0,0,0,0,0,0,0,0,0
1/06/1982,0,0,0,0,0,0,0,0,0
1/09/1982,0,0,0,0,0,0,0,0,0
1/12/1982,0,0,0,0,0,0,0,0,0
1/03/1983,0,0,0,0,0,0,0,0,0
1/06/1983,0,0,0,0,0,0,0,0,0
1/09/1983,0,0,0,0,0,0,0,0,0
1/12/1983,0,0,0,0,0,0,0,0,0
1/03/1984,0,0,0,0,0,0,0,0,0
1/06/1984,0,0,0,0,0,0,0,0,0
1/09/1984,0,0,0,0,0,0,0,0,0
1/12/1984,0,0,0,0,0,0,0,0,0
1/03/1985,0,0,0,0,0,0,0,0,0
1/06/1985,0,0,0,0,0,0,0,0,0
1/09/1985,0,0,0,0,0,0,0,0,0
1/12/1985,0,0,0,0,0,0,0,0,0
1/03/1986,0,0,0,0,0,0,0,0,0
1/06/1986,0,0,0,0,0,0,0,0,0
1/09/1986,0,0,0,0,0,0,0,0,0
1/12/1986,0,0,0,0,0,0,0,0,0
1/03/1987,0,0,0,0,0,0,0,0,0
1/06/1987,0,0,0,0,0,0,0,0,0
1/09/1987,0,0,0,0,0,0,0,0,0
1/12/1987,0,0,0,0,0,0,0,0,0
1/03/1988,0,0,0,0,0,0,0,0,0
1/06/1988,0,0,0,0,0,0,0,0,0
1/09/1988,0,0,0,0,0,0,0,0,0
1/12/1988,0,0,0,0,0,0,0,0,0
1/03/1989,0,0,0,0,0,0,0,0,0
1/06/1989,0,0,0,0,0,0,0,0,0
1/09/1989,0,0,0,0,0,0,0,0,0
1/12/1989,0,0,0,0,0,0,0,0,0
1/03/1990,0,0,0,0,0,0,0,0,0
1/06/1990,0,0,0,0,0,0,0,0,0
1/09/1990,0,0,0,0,0,0,0,0,0
1/12/1990,0,0,0,0,0,0,0,0,0
1/03/1991,0,0,0,0,0,0,0,0,0
1/06/1991,0,0,0,0,0,0,0,0,0
1/09/1991,0,0,0,0,0,0,0,0,0
1/12/1991,0,0,0,0,0,0,0,0,0
1/03/1992,0,0,0,0,0,0,0,0,0
1/06/1992,0,0,0,0,0,0,0,0,0
1/09/1992,0,0,0,0,0,0,0,0,0
1/12/1992,0,0,0,0,0,0,0,0,0
1/03/1993,0,0,0,0,0,0,0,0,0
1/06/1993,1,0,0,0,0,0,0,0,0
1/09/1993,1,0,0,0,0,0,0,0,0
1/12/1993,1,0,0,0,0,0,0,0,0
1/03/1994,1,0,0,0,0,0,0,0,0
1/06/1994,1,0,0,0,0,0,0,0,0
1/09/1994,1,0,0,0,0,0,0,0,0
1/12/1994,1,0,0,0,0,0,0,0,0
1/03/1995,1,0,0,0,0,0,0,0,0
1/06/1995,1,0,0,0,0,0,0,0,0
1/09/1995,1,0,0,0,0,0,0,0,0
1/12/1995,1,0,0,0,0,0,0,0,0
1/03/1996,1,0,0,0,0,0,0,0,0
1/06/1996,1,0,0,0,0,0,0,0,0
1/09/1996,1,0,0,0,0,0,0,0,0
1/12/1996,1,0,0,0,0,0,0,0,0
1/03/1997,1,0,0,0,0,0,0,0,0
1/06/1997,1,0,0,0,0,0,0,0,0
1/09/1997,1,0,0,0,0,0,0,0,0
1/12/1997,1,0,0,0,0,0,0,0,0
1/03/1998,1,0,0,0,0,0,0,0,0
1/06/1998,1,0,0,0,0,0,0,0,0
1/09/1998,1,0,0,0,0,0,0,0,0
1/12/1998,1,0,0,0,0,0,0,0,0
1/03/1999,1,0,0,0,0,0,0,0,0
1/06/1999,1,0,0,0,0,0,0,0,0
1/09/1999,1,0,0,0,0,0,0,0,0
1/12/1999,1,0,0,0,0,0,0,0,0
1/03/2000,1,0,0,0,0,0,0,0,0
1/06/2000,1,0,0,0,0,0,0,0,0
1/09/2000,1,0,0,0,0,0,0,0,0
1/12/2000,1,0,0,0,0,0,0,0,0
1/03/2001,1,0,0,0,0,0,0,0,0
1/06/2001,1,0,0,0,0,0,0,0,0
1/09/2001,1,0,0,0,0,0,0,0,0
1/12/2001,1,0,0,0,0,0,0,0,0
1/03/2002,1,0,0,0,0,0,0,0,0
1/06/2002,1,0,0,0,0,0,0,0,0
1/09/2002,1,0,0,0,0,0,0,0,0
1/12/2002,1,0,0,0,0,0,0,0,0
1/03/2003,1,0,0,0,0,0,0,0,0
1/06/2003,1,0,0,0,0,0,0,0,0
1/09/2003,1,0,0,0,0,0,0,0,0
1/12/2003,1,0,0,0,0,0,0,0,0
1/03/2004,1,0,0,0,0,0,0,0,0
1/06/2004,1,0,0,0,0,0,0,0,0
1/09/2004,1,0,0,0,0,0,0,0,0
1/12/2004,1,0,0,0,0,0,0,0,0
1/03/2005,1,0,0,0,0,0,0,0,0
1/06/2005,1,0,0,0,0,0,0,0,0
1/09/2005,1,0,0,0,0,0,0,0,0
1/12/2005,1,0,0,0,0,0,0,0,0
1/03/2006,1,0,0,0,0,0,0,0,0
1/06/2006,1,0,0,0,0,0,0,0,0
1/09/2006,1,0,0,0,0,0,0,0,0
1/12/2006,1,0,0,0,0,0,0,0,0
1/03/2007,1,0,0,0,0,0,0,0,0
1/06/2007,1,0,0,0,0,0,0,0,0
1/09/2007,1,0,0,0,0,0,0,0,0
1/12/2007,1,0,0,0,0,0,0,0,0
1/03/2008,1,0,0,0,0,0,0,0,0
1/06/2008,1,0,0,0,0,0,0,0,0
1/09/2008,1,0,0,0,0,0,0,0,0
1/12/2008,1,0,0,0,0,0,0,0,0
1/03/2009,1,0,0,0,0,0,0,0,0
1/06/2009,1,0,0,0,0,0,0,0,0
1/09/2009,1,0,0,0,0,0,0,0,0
1/12/2009,1,0,0,0,0,0,0,0,0
1/03/2010,1,0,0,0,0,0,0,0,0
1/06/2010,1,0,0,0,0,0,0,0,0
1/09/2010,1,0,0,0,0,0,0,0,0
1/12/2010,1,0,0,0,0,0,0,0,0
1/03/2011,1,0,0,0,0,0,0,0,0
1/06/2011,1,0,0,0,0,0,0,0,0
1/09/2011,1,0,0,0,0,0,0,0,0
1/12/2011,1,0,0,0,0,0,0,0,0
1/03/2012,1,0,0,0,0,0,0,0,0
1/06/2012,1,0,0,0,0,0,0,0,0
1/09/2012,1,0,0,0,0,0,0,0,0
1/12/2012,1,0,0,0,0,0,0,0,0
1/03/2013,1,0,0,0,0,0,0,0,0
1/06/2013,1,0,0,0,0,0,0,0,0
1/09/2013,1,0,0,0,0,0,0,0,0
1/12/2013,1,0,0,0,0,0,0,0,0
1/03/2014,1,0,0,0,0,0,0,0,0
1/06/2014,1,0,0,0,0,0,0,0,0
1/09/2014,1,0,0,0,0,0,0,0,0
1/12/2014,1,0,0,0,0,0,0,0,0
1/03/2015,1,0,0,0,0,0,0,0,0
1/06/2015,1,0,0,0,0,0,0,0,0
1/09/2015,1,0,0,0,0,0,0,0,0
1/12/2015,1,0,0,0,0,0,0,0,0
1/03/2016,1,0,0,0,0,0,0,0,0
1/06/2016,1,0,0,0,0,0,0,0,0
1/09/2016,1,0,0,0,0,0,0,0,0
1/12/2016,1,0,0,0,0,0,0,0,0
1/03/2017,1,0,0,0,0,0,0,0,0
1/06/2017,1,0,0,0,0,0,0,0,0
1/09/2017,1,0,0,0,0,0,0,0,0
1/12/2017,1,0,0,0,0,0,0,0,0
1/03/2018,1,0,0,0,0,0,0,0,0
1/06/2018,1,0,0,0,0,0,0,0,0
1/09/2018,1,0,0,0,0,0,0,0,0
1/12/2018,1,0,0,0,0,0,0,0,0
1/03/2019,1,0,0,0,0,0,0,0,0
1/06/2019,1,0,0,0,0,0,0,0,0
1/09/2019,1,0,0,0,0,0,0,0,0
1/12/2019,1,0,0,0,0,0,0,0,0
1/03/2020,1,1,0,0,0,0,0,0,0
1/06/2020,1,0,1,0,0,0,0,0,0
1/09/2020,1,0,0,1,0,0,0,0,0
1/12/2020,1,0,0,0,1,0,0,0,0
1/03/2021,1,0,0,0,0,1,0,0,0
1/06/2021,1,0,0,0,0,0,1,0,0
1/09/2021,1,0,0,0,0,0,0,1,0
1/12/2021,1,0,0,0,0,0,0,0,1
1/03/2022,1,0,0,0,0,0,0,0,0
1/06/2022,1,0,0,0,0,0,0,0,0
