Date,RT-DGDP-QTR
1/12/1959,1.557863501
1/03/1960,1.558315072
1/06/1960,0.52745145
1/09/1960,3.481993799
1/12/1960,-1.451947453
1/03/1961,-1.192703461
1/06/1961,-0.307692308
1/09/1961,-0.830959164
1/12/1961,1.604022025
1/03/1962,3.557964185
1/06/1962,1.319681456
1/09/1962,1.347406243
1/12/1962,1.861289608
1/03/1963,0.522079617
1/06/1963,1.190218567
1/09/1963,2.651839179
1/12/1963,3.020833333
1/03/1964,-1.496461072
1/06/1964,3.223157463
1/09/1964,2.665075577
1/12/1964,1.433552886
1/03/1965,0.553857907
1/06/1965,1.918328585
1/09/1965,-0.223630265
1/12/1965,-0.765782592
1/03/1966,0.263504611
1/06/1966,1.088792942
1/09/1966,3.268337976
1/12/1966,1.150872145
1/03/1967,2.168888889
1/06/1967,1.461632156
1/09/1967,-1.166180758
1/12/1967,1.492278327
1/03/1968,2.359377671
1/06/1968,0.968765659
1/09/1968,3.457402812
1/12/1968,2.27054685
1/03/1969,0.234521576
1/06/1969,2.55810326
1/09/1969,1.44486692
1/12/1969,2.008995502
1/03/1970,-1.807760141
1/06/1970,4.011375543
1/09/1970,0.561231832
1/12/1970,0.701202061
1/03/1971,1.222111695
1/06/1971,0.266741541
1/09/1971,1.078129376
1/12/1971,1.315971741
1/03/1972,-1.473598035
1/06/1972,2.009980593
1/09/1972,0.298305085
1/12/1972,1.731720726
1/03/1973,3.551728777
1/06/1973,-1.161121983
1/09/1973,2.309926082
1/12/1973,0.444613821
1/03/1974,1.662468514
1/06/1974,-1.489942886
1/09/1974,-2.820803425
1/12/1974,2.323503128
1/03/1975,-0.814128257
1/06/1975,3.078087549
1/09/1975,-2.040317654
1/12/1975,-1.856405213
1/03/1976,3.187399231
1/06/1976,0.600384246
1/09/1976,1.932882723
1/12/1976,-1.395134325
1/03/1977,-0.405561993
1/06/1977,0.790146409
1/09/1977,1.156532692
1/12/1977,-1.280166605
1/03/1978,2.413476263
1/06/1978,0.273174285
1/09/1978,0.882776844
1/12/1978,1.485236046
1/03/1979,1.466597379
1/06/1979,-0.357843703
1/09/1979,0.67818224
1/12/1979,1.009751313
1/03/1980,-0.344550362
1/06/1980,1.293177769
1/09/1980,0.585793096
1/12/1980,0.762844963
1/03/1981,0.759886849
1/06/1981,0.428611188
1/09/1981,1.499448732
1/12/1981,1.059315171
1/03/1982,-0.045620438
1/06/1982,0.951287518
1/09/1982,-0.569321343
1/12/1982,-1.423218512
1/03/1983,-0.796226289
1/06/1983,-2.291380523
1/09/1983,4.363327674
1/12/1983,1.926113041
1/03/1984,2.262189999
1/06/1984,2.275541796
1/09/1984,-0.879240821
1/12/1984,1.245729145
1/03/1985,0.541340038
1/06/1985,2.764280635
1/09/1985,-0.258175559
1/12/1985,0.528164068
1/03/1986,-0.132122677
1/06/1986,-0.384039759
1/09/1986,0.218229226
1/12/1986,1.139027552
1/03/1987,0.581914634
1/06/1987,1.734598423
1/09/1987,0.501865574
1/12/1987,1.490702722
1/03/1988,1.752393734
1/06/1988,0.760759065
1/09/1988,0.330725582
1/12/1988,1.928041838
1/03/1989,1.595469256
1/06/1989,0.616564172
1/09/1989,0.653842509
1/12/1989,-0.243989619
1/03/1990,1.801409393
1/06/1990,-0.899490391
1/09/1990,-1.64212998
1/12/1990,0.645311771
1/03/1991,0.12434911
1/06/1991,-0.99298251
1/09/1991,-0.281557216
1/12/1991,0.270727051
1/03/1992,0.641812616
1/06/1992,0.566265433
1/09/1992,0.529532195
1/12/1992,0.702566034
1/03/1993,0.452030405
1/06/1993,1.226407074
1/09/1993,0.446633552
1/12/1993,1.66343536
1/03/1994,1.860526556
1/06/1994,0.935497779
1/09/1994,1.302722799
1/12/1994,0.398639934
1/03/1995,0.51716123
1/06/1995,0.985416225
1/09/1995,1.575487742
1/12/1995,0.468525087
1/03/1996,1.782801867
1/06/1996,0.082903464
1/09/1996,0.777953103
1/12/1996,0.461461141
1/03/1997,0.915217193
1/06/1997,1.24063019
1/09/1997,1.451760504
1/12/1997,0.454959844
1/03/1998,1.260721298
1/06/1998,0.769570161
1/09/1998,1.040171406
1/12/1998,1.056717253
1/03/1999,1.06237951
1/06/1999,0.229826525
1/09/1999,1.562437161
1/12/1999,0.989936305
1/03/2000,1.089463324
1/06/2000,0.692251252
1/09/2000,0.649621739
1/12/2000,-0.565007378
1/03/2001,1.062051146
1/06/2001,0.889474243
1/09/2001,1.135745712
1/12/2001,1.271528032
1/03/2002,0.885110488
1/06/2002,0.604217541
1/09/2002,0.865387891
1/12/2002,0.38771015
1/03/2003,0.681672819
1/06/2003,0.122714109
1/09/2003,1.176795072
1/12/2003,1.351891422
1/03/2004,0.218286634
1/06/2004,0.613634168
1/09/2004,0.293741698
1/12/2004,0.14400072
1/03/2005,0.687580147
1/06/2005,1.28202041
1/09/2005,0.150741529
1/12/2005,0.471464702
1/03/2006,0.865304563
1/06/2006,0.326678293
1/09/2006,0.296659358
1/12/2006,1.044025426
1/03/2007,1.612384875
1/06/2007,0.943717974
1/09/2007,1.007484054
1/12/2007,0.604603417
1/03/2008,0.61303037
1/06/2008,0.283617079
1/09/2008,0.062614885
1/12/2008,-0.53146679
1/03/2009,0.381383773
1/06/2009,0.617672228
1/09/2009,0.168516358
1/12/2009,0.901526806
1/03/2010,0.498574333
1/06/2010,1.194717815
1/09/2010,0.190706444
1/12/2010,0.743075676
1/03/2011,-1.189863315
1/06/2011,1.173458568
1/09/2011,0.950980746
1/12/2011,0.433180108
1/03/2012,1.295735315
1/06/2012,0.643934533
1/09/2012,0.468224878
1/12/2012,0.595724198
1/03/2013,0.553540239
1/06/2013,0.591859726
1/09/2013,0.56070444
1/12/2013,0.797716533
1/03/2014,1.108294931
1/06/2014,0.487148357
1/09/2014,0.338738592
1/12/2014,0.549383809
1/03/2015,0.93213212
1/06/2015,0.165273599
1/09/2015,0.941136082
1/12/2015,0.632046298
1/03/2016,1.063028597
1/06/2016,0.525600686
1/09/2016,-0.473224455
1/12/2016,1.08403872
1/03/2017,0.264891265
1/06/2017,0.824125339
1/09/2017,0.596257103
1/12/2017,0.364870382
1/03/2018,1.030532411
1/06/2018,0.863385209
1/09/2018,0.253010895
1/12/2018,0.177544717
1/03/2019,0.405816047
1/06/2019,0.481394491
1/09/2019,0.438965674
1/12/2019,0.526510736
1/03/2020,-0.305863246
1/06/2020,-6.997135639
1/09/2020,3.328123983
1/12/2020,3.127661985
1/03/2021,1.786827934
1/06/2021,0.666815468
1/09/2021,-1.922074081
1/12/2021,3.426812884
1/03/2022,0.754403551
1/06/2022,0.892928115
